Path : \EarthSeaSkyXML\Whaling
Whaling-1.xml ; Whaling-2.xml ; Whaling-3.xml ; Whaling-4.xml ; Whaling-5.xml ; Whaling.xml
Path : \NZinBriefXML\Sports and leisure
Sports and leisure-1.xml ; Sports and leisure-2.xml ; Sports and leisure-3.xml ; Sports and leisure-4.xml ; Sports and leisure-maori.xml ; sportsandleisure-converted.xml
Path : \TheBushXML\PapatuanukuTheLand
Papatuanuku-1.xml ; Papatuanuku-2.xml ; Papatuanuku-3.xml ; Papatuanuku-4.xml ; Papatuanuku-5.xml ; Papatuanuku-6.xml ; Papatuanuku-7.xml ; Papatuanuku-8.xml ; Papatuanuku-9.xml ; Papatuanuku-maori.xml ; Papatuanuku.xml
Path : \TheSettledLandscapeXML\Biosecurity
Biosecurity-1.xml ; Biosecurity-2.xml ; Biosecurity.xml
Path : \TheBushXML\Native Plants and Animals
Native plants and animals-1.xml ; Native plants and animals-2.xml ; Native plants and animals-3.xml ; Native plants and animals-4.xml ; Native plants and animals-5.xml ; Native plants and animals-6.xml ; Native plants and animals-7.xml ; Native plants and animals.xml
Path : \TheSettledLandscapeXML\Show and field days
Shows and field days-1.xml ; Shows and field days-2.xml ; Shows and field days-3.xml ; Shows and field days-4.xml ; Shows and field days-5.xml ; Shows and field days-6.xml ; Shows and field days.xml
Path : \TheSettledLandscapeXML\Horses
Horses-1.xml ; Horses-2.xml ; Horses-3.xml ; Horses-4.xml ; Horses-5.xml ; Horses-6.xml ; Horses-7.xml ; Horses-8.xml ; Horses.xml
Path : \TheSettledLandscapeXML\Introduced land birds
Introduced land birds-1.xml ; Introduced land birds-10.xml ; Introduced land birds-11.xml ; Introduced land birds-12.xml ; Introduced land birds-13.xml ; Introduced land birds-2.xml ; Introduced land birds-3.xml ; Introduced land birds-4.xml ; Introduced land birds-5.xml ; Introduced land birds-6.xml ; Introduced land birds-7.xml ; Introduced land birds-8.xml ; Introduced land birds-9.xml ; Introduced land birds.xml
Path : \NZPeoplesxml\Dutch
Dutch-1.xml ; Dutch-2.xml ; Dutch-3.xml ; Dutch-4.xml ; Dutch-converted.xml
Path : \EarthSeaSkyXML\Future Climate
Future climate-1.xml ; Future climate-2.xml ; Future climate-3.xml ; Future climate-4.xml ; Future climate-5.xml ; Future climate.xml
Path : \EarthSeaSkyXML\Kites
Kites-1.xml ; Kites-2.xml ; Kites-3.xml ; Kites.xml
Path : \EarthSeaSkyXML\Starfish and sea urchins
Starfish and sea urchins-1.xml ; Starfish and sea urchins-2.xml ; Starfish and sea urchins-3.xml ; Starfish and sea urchins.xml
Path : \NZinBriefXML\Maori
Maori in Brief-maori.xml ; Maori-1.xml ; Maori-2.xml ; Maori-3.xml ; Maori-4.xml ; Maori-5.xml ; maori-converted.xml
Path : \NZPeoplesxml\Indonesians
Indonesians-1.xml ; Indonesians-2.xml ; indonesiansB.xml
Path : \TheBushXML\Threatened species
Threatened species-1.xml ; Threatened species-2.xml ; Threatened species-3.xml ; Threatened species-4.xml ; Threatened species.xml
Path : \TheBushXML\Eels
Eels-1.xml ; Eels-2.xml ; Eels-3.xml ; Eels-4.xml ; Eels.xml
Path : \TheSettledLandscapeXML\Pork industry
Pork industry-1.xml ; Pork industry-2.xml ; Pork industry-3.xml ; Pork industry.xml
Path : \TheBushXML\Nga waewae tapu Maori exploration
Nga waewae tapu Maori exploration-1.xml ; Nga waewae tapu Maori exploration-10.xml ; Nga waewae tapu Maori exploration-2.xml ; Nga waewae tapu Maori exploration-3.xml ; Nga waewae tapu Maori exploration-4.xml ; Nga waewae tapu Maori exploration-5.xml ; Nga waewae tapu Maori exploration-6.xml ; Nga waewae tapu Maori exploration-7.xml ; Nga waewae tapu Maori exploration-8.xml ; Nga waewae tapu Maori exploration-9.xml ; Nga waewae tapu Maori exploration-maori.xml ; Nga waewae tapu Maori exploration.xml
Path : \TheBushXML\Conservation a history
Conservation a history-1.xml ; Conservation a history-10.xml ; Conservation a history-2.xml ; Conservation a history-3.xml ; Conservation a history-4.xml ; Conservation a history-5.xml ; Conservation a history-6.xml ; Conservation a history-7.xml ; Conservation a history-8.xml ; Conservation a history-9.xml ; Conservation a history.xml
Path : \TheBushXML\Weeds of the bush
Weeds of the bush-1.xml ; Weeds of the bush-2.xml ; Weeds of the bush-3.xml ; Weeds of the bush-4.xml ; Weeds of the bush-5.xml ; Weeds of the bush.xml
Path : \NZPeoplesxml\Vietnamese
Vietnamese-1.xml ; Vietnamese-2.xml ; vietnamese-converted.xml
Path : \EarthSeaSkyXML\Shags
Shags-1.xml ; Shags-2.xml ; Shags-3.xml ; Shags-4.xml ; Shags.xml
Path : \MaoriNZersxml\Nga Rauru
Nga Rauru-1.xml ; Nga Rauru-2.xml ; Nga Rauru-3.xml ; ngarauruengB.xml ; ngaraurumaoriB.xml
Path : \EarthSeaSkyXML\Aerial Recreation
Aerial recreation-1.xml ; Aerial recreation-2.xml ; Aerial recreation-3.xml ; Aerial recreation-4.xml ; Aerial recreation-5.xml ; Aerial recreation-6.xml ; Aerial recreation-7.xml ; Aerial recreation.xml
Path : \TheBushXML\Wetlands
Wetlands-1.xml ; Wetlands-2.xml ; Wetlands-3.xml ; Wetlands-4.xml ; Wetlands-5.xml ; Wetlands.xml
Path : \TheSettledLandscapeXML\Stock and station agencies
Stock and station and consultancy-1.xml ; Stock and station and consultancy-2.xml ; Stock and station and consultancy-3.xml ; Stock and station and consultancy-4.xml ; Stock and station and consultancy-5.xml ; Stock and station and consultancy.xml
Path : \TheBushXML\Rivers
Rivers-1.xml ; Rivers-2.xml ; Rivers-3.xml ; Rivers-4.xml ; Rivers-5.xml ; Rivers-6.xml ; Rivers-7.xml ; Rivers.xml
Path : \TheBushXML\Protected areas
Protected areas-1.xml ; Protected areas-2.xml ; Protected areas-3.xml ; Protected areas-4.xml ; Protected areas-5.xml ; Protected areas-6.xml ; Protected areas-7.xml ; Protected areas-8.xml ; Protected areas.xml
Path : \TheSettledLandscapeXML\Forestry research
Forestry research-1.xml ; Forestry research-2.xml ; Forestry research-3.xml ; Forestry research-4.xml ; Forestry research-5.xml ; Forestry research-6.xml ; Forestry research-7.xml ; Forestry research-8.xml ; Forestry research.xml
Path : \TheSettledLandscapeXML\Trout and salmon
Trout and salmon-1.xml ; Trout and salmon-2.xml ; Trout and salmon-3.xml ; Trout and salmon-4.xml ; Trout and salmon.xml
Path : \TheSettledLandscapeXML\Citrus
Citrus and other fruits-1.xml ; Citrus and other fruits-2.xml ; Citrus and other fruits-3.xml ; Citrus and other fruits-4.xml ; Citrus and other fruits-5.xml ; Citrus and other fruits-6.xml ; Citrus and other fruits.xml
Path : \TheBushXML\Ecoregions
Major Ecoregions-1.xml ; Major Ecoregions-10.xml ; Major Ecoregions-2.xml ; Major Ecoregions-3.xml ; Major Ecoregions-4.xml ; Major Ecoregions-5.xml ; Major Ecoregions-6.xml ; Major Ecoregions-7.xml ; Major Ecoregions-8.xml ; Major Ecoregions-9.xml ; Major ecoregions.xml
Path : \TheBushXML\Whitebait
Whitebait-1.xml ; Whitebait-2.xml ; Whitebait-3.xml ; Whitebait-4.xml ; Whitebait.xml
Path : \EarthSeaSkyXML\Petrels
Petrels, Shearwaters & Prions-1.xml ; Petrels, Shearwaters & Prions-2.xml ; Petrels, Shearwaters & Prions-3.xml ; Petrels, Shearwaters & Prions-4.xml ; petrels, Shearwaters & Prions.xml
Path : \NZinBriefXML\Government and Nation
Government and nation-1.xml ; Government and nation-10.xml ; Government and nation-2.xml ; Government and nation-3.xml ; Government and nation-4.xml ; Government and nation-5.xml ; Government and nation-6.xml ; Government and nation-7.xml ; Government and nation-8.xml ; Government and nation-9.xml ; Government and nation-maori.xml ; Government and nation-maori_2.xml ; governmentandnation-converted.xml
Path : \EarthSeaSkyXML\Time
Time-1.xml ; Time-2.xml ; Time-3.xml ; Time-4.xml ; Time.xml
Path : \TheBushXML\Logging native forests
Logging native trees-1.xml ; Logging native trees-2.xml ; Logging native trees-3.xml ; Logging native trees-4.xml ; Logging native trees-5.xml ; Logging native trees-6.xml ; Logging native trees-7.xml ; Logging native trees.xml
Path : \TheBushXML\Cicadas
Cicadas-1.xml ; Cicadas-2.xml ; Cicadas-3.xml ; Cicadas.xml
Path : \TheSettledLandscapeXML\Rabbits
Rabbits-1.xml ; Rabbits-2.xml ; Rabbits-3.xml ; Rabbits-4.xml ; Rabbits-5.xml ; Rabbits-6.xml ; Rabbits-7.xml ; Rabbits-8.xml ; Rabbits.xml
Path : \TheBushXML\Bush Trams and other log transport
Bush transport-1.xml ; Bush transport-2.xml ; Bush transport-3.xml ; Bush transport-4.xml ; Bush transport-5.xml ; Bush transport-6.xml ; Bush transport-7.xml ; Bush transport-CC8.xml ; Bush transport.xml
Path : \TheSettledLandscapeXML\Apples and pears
Apples and pears-1.xml ; Apples and pears-2.xml ; Apples and pears-3.xml ; Apples and pears-4.xml ; Apples and pears-5.xml ; Apples and pears-6.xml ; Apples and pears-7.xml ; Apples and pears.xml
Path : \PlacesXML\Southland
Southland - entry.xml ; Southland - gazetteer.xml
Path : \NZPeoplesxml\SriLankans
Sri Lankans-1.xml ; Sri Lankans-2.xml ; Srilankans-converted.xml
Path : \NZPeoplesxml\Koreans
Koreans-1.xml ; Koreans-2.xml ; koreans-converted.xml
Path : \TheBushXML\HorticulturalUseOfNativePlants
Horticultural use of native flora-1.xml ; Horticultural use of native flora-2.xml ; Horticultural use of native flora-3.xml ; Horticultural use of native flora-4.xml ; Horticultural use of native flora-5.xml ; Horticultural use of native flora.xml
Path : \EarthSeaSkyXML\Gold and Silver
Gold & Silver-1.xml ; Gold & Silver-10.xml ; Gold & Silver-11.xml ; Gold & Silver-12.xml ; Gold & Silver-2.xml ; Gold & Silver-3.xml ; Gold & Silver-4.xml ; Gold & Silver-5.xml ; Gold & Silver-6.xml ; Gold & Silver-7.xml ; Gold & Silver-8.xml ; Gold & Silver-9.xml ; Gold & Silver.xml
Path : \TheBushXML\Poisonous Plants
Poisonous plants-1.xml ; Poisonous plants-2.xml ; Poisonous plants-3.xml ; Poisonous plants-4.xml ; Poisonous plants-5.xml ; Poisonous plants.xml
Path : \EarthSeaSkyXML\Sea Birds
Sea Birds-1.xml ; Sea Birds-2.xml ; Sea Birds-3.xml ; Sea Birds-4.xml ; Sea Birds-5.xml ; Sea Birds.xml
Path : \EarthSeaSkyXML\EngineeringOnTheSeaFloor
Engineering on the seafloor-1.xml ; Engineering on the seafloor-2.xml ; Engineering on the seafloor-3.xml ; Engineering on the seafloor-4.xml ; Engineering on the seafloor.xml
Path : \TheSettledLandscapeXML\Zoos and aquariums
Zoos and aquaria-1.xml ; Zoos and aquaria-2.xml ; Zoos and aquaria-3.xml ; Zoos and aquaria-4.xml ; Zoos and aquaria-5.xml ; Zoos and aquaria.xml
Path : \EarthSeaSkyXML\Albatrosses
Albatrosses-1.xml ; Albatrosses-2.xml ; Albatrosses-3.xml ; Albatrosses-4.xml ; Albatrosses-5.xml ; Albatrosses.xml
Path : \TheBushXML\TeTahereManuBirdCatching
Te Tahere manu-1.xml ; Te Tahere manu-2.xml ; Te Tahere manu-3.xml ; Te Tahere manu-4.xml ; Te Tahere manu-5.xml ; Te Tahere manu-6.xml ; te tahere manu-maori.xml ; Te Tahere manu.xml
Path : \EarthSeaSkyXML\Weather forecasting
Weather Forecasting-1.xml ; Weather Forecasting-2.xml ; Weather Forecasting-3.xml ; Weather Forecasting-4.xml ; Weather forecasting.xml
Path : \TheBushXML\Patupaiarehe
Patupaiarehe-1.xml ; Patupaiarehe-2.xml ; Patupaiarehe-maori.xml ; Patupaiarehe.xml
Path : \EarthSeaSkyXML\LawOfTheForeshoreAndSeabed
Law of the foreshore and seabed-1.xml ; Law of the foreshore and seabed-2.xml ; Law of the foreshore and seabed-3.xml ; Law of the foreshore and seabed-4.xml ; law of the foreshore and seabed.xml
Path : \EarthSeaSkyXML\Light
Light-1.xml ; Light-2.xml ; Light-3.xml ; Light.xml
Path : \EarthSeaSkyXML\Life in the fiords
Life in the fiords-1.xml ; Life in the fiords-2.xml ; Life in the fiords-3.xml ; Life in the fiords-4.xml ; Life in the fiords.xml
Path : \NZPeoplesxml\CookIslanders
Cook Islanders-1.xml ; Cook Islanders-2.xml ; Cook Islanders-3.xml ; cookislanders-converted.xml
Path : \TheSettledLandscapeXML\Duck shooting
Duck Shooting-1.xml ; Duck Shooting-2.xml ; Duck Shooting-3.xml ; Duck shooting.xml
Path : \PlacesXML\WestCoast\West Coast - gazetteer
West Coast - gazetteer-1.xml ; West Coast - gazetteer-10.xml ; West Coast - gazetteer-11.xml ; West Coast - gazetteer-12.xml ; West Coast - gazetteer-13.xml ; West Coast - gazetteer-14.xml ; West Coast - gazetteer-15.xml ; West Coast - gazetteer-2.xml ; West Coast - gazetteer-3.xml ; West Coast - gazetteer-4.xml ; West Coast - gazetteer-5.xml ; West Coast - gazetteer-6.xml ; West Coast - gazetteer-7.xml ; West Coast - gazetteer-8.xml ; West Coast - gazetteer-9.xml
Path : \PlacesXML\ManawatuHorowhenua\Captions entry - xml
Manawatu - entry-1.xml ; Manawatu - entry-10.xml ; Manawatu - entry-11.xml ; Manawatu - entry-12.xml ; Manawatu - entry-13.xml ; Manawatu - entry-14.xml ; Manawatu - entry-2.xml ; Manawatu - entry-3.xml ; Manawatu - entry-4.xml ; Manawatu - entry-5.xml ; Manawatu - entry-6.xml ; Manawatu - entry-7.xml ; Manawatu - entry-8.xml ; Manawatu - entry-9.xml
Path : \EarthSeaSkyXML\Landslides
Landslides-1.xml ; Landslides-2.xml ; Landslides-3.xml ; Landslides-4.xml ; Landslides-5.xml ; Landslides.xml
Path : \NZPeoplesxml\Laotians
Laotians-1.xml ; Laotians-2.xml ; laotians-converted.xml
Path : \TheSettledLandscapeXML\Te mahi kai fod production and economics
Te mahi kai - food production economics-1.xml ; Te mahi kai - food production economics-2.xml ; Te mahi kai - food production economics-3.xml ; Te mahi kai - food production economics-4.xml ; Te mahi kai - food production economics-5.xml ; Te mahi kai - food production economics-6.xml ; Te mahi kai - food production economics.xml
Path : \EarthSeaSkyXML\CoralsAnemonesAndJellyfish
Corals, anemones & jellyfish-1.xml ; Corals, anemones & jellyfish-2.xml ; Corals, anemones & jellyfish-3.xml ; Corals, anemones & jellyfish-4.xml ; Corals, anemones & jellyfish.xml
Path : \MaoriNZersxml\Muriwhenua Tribes
Muriwhenua tribes-1.xml ; Muriwhenua tribes-2.xml ; Muriwhenua tribes-3.xml ; Muriwhenua tribes-4.xml ; muriwhenuatribes-converted.xml ; muriwhenuatribesmaori-converted.xml
Path : \TheSettledLandscapeXML\Fire and agriculture
Fire and agriculture-1.xml ; Fire and agriculture-2.xml ; Fire and agriculture-3.xml ; Fire and agriculture-4.xml ; Fire and agriculture-5.xml ; Fire and agriculture.xml
Path : \TheBushXML\Tuatara
Tuatara-1.xml ; Tuatara-2.xml ; Tuatara-3.xml ; Tuatara.xml
Path : \NZPeoplesxml\Poles
Poles-1.xml ; Poles-2.xml ; Poles-3.xml ; poles-converted.xml
Path : \TheSettledLandscapeXML\Arable farming
Arable production and marketing-1.xml ; Arable production and marketing-2.xml ; Arable production and marketing-3.xml ; Arable production and marketing-4.xml ; Arable production and marketing-5.xml ; Arable production and marketing-6.xml ; Arable production and marketing-7.xml ; Arable production and marketing-8.xml ; Arable production and marketing-9.xml ; Arable production and marketing.xml
Path : \EarthSeaSkyXML\Mineral resources
Mineral resources-1.xml ; Mineral resources-2.xml ; Mineral resources-3.xml ; Mineral resources-4.xml ; Mineral resources.xml
Path : \TheSettledLandscapeXML\Poultry
Poultry-1.xml ; Poultry-2.xml ; Poultry-3.xml ; Poultry-4.xml ; Poultry-5.xml ; Poultry-6.xml ; Poultry.xml
Path : \MaoriNZersxml\Ngati Whatua
Ngat Whatua Maori-converted.xml ; Ngati Whatua-1.xml ; Ngati Whatua-2.xml ; Ngati Whatua-3.xml ; Ngati Whatua-4.xml ; Ngati Whatua-converted.xml
Path : \TheBushXML\Conifer Broadleaf Forest
Conifer broadleaf forests-1.xml ; Conifer broadleaf forests-2.xml ; Conifer broadleaf forests-3.xml ; Conifer broadleaf forests-4.xml ; Conifer broadleaf forests-5.xml ; Conifer broadleaf forests-6.xml ; Conifer broadleaf forests.xml
Path : \NZPeoplesxml\Japanese
Japanese-1.xml ; Japanese-2.xml ; Japanese-3.xml ; Japanese-4.xml ; japaneseB.xml
Path : \MaoriNZersxml\Ideas About Maori Origins
Ideas of Maori origins-1.xml ; Ideas of Maori origins-2.xml ; Ideas of Maori origins-3.xml ; Ideas of Maori origins-4.xml ; Ideas of Maori origins-5.xml ; Ideas of Maori origins-maori.xml ; ideasofmaoriorigins-converted.xml
Path : \TheSettledLandscapeXML\Hops tobacco and hemp
Hops, tobacco and hemp-1.xml ; Hops, tobacco and hemp-2.xml ; Hops, tobacco and hemp-3.xml ; Hops, tobacco and hemp.xml
Path : \PlacesXML\ManawatuHorowhenua
Manawatu - entry.xml ; Manawatu - gazetteer.xml
Path : \TheSettledLandscapeXML\Rural services
Rural services-1.xml ; Rural services-2.xml ; Rural services-3.xml ; Rural services-4.xml ; Rural services-5.xml ; Rural services-6.xml ; Rural services-7.xml ; Rural services-8.xml ; Rural Services.xml
Path : \MaoriNZersxml\Maori Overseas
Maori overseas-1.xml ; Maori overseas-2.xml ; Maori overseas-3.xml ; Maori overseas-4.xml ; Maori overseas-5.xml ; maorioverseas-converted.xml ; maorioverseasmaori-converted.xml
Path : \NZinBriefXML\History
History-1.xml ; History-2.xml ; History-3.xml ; History-4.xml ; History-5.xml ; History-6.xml ; history-converted.xml ; HistoryInBriefMaori.xml
Path : \NZinBriefXML\Society
Society-1.xml ; Society-2.xml ; Society-3.xml ; Society-4.xml ; Society-5.xml ; Society-6.xml ; Society-7.xml ; Society-8.xml ; Society-9.xml ; society-converted.xml ; Society-maori.xml
Path : \EarthSeaSkyXML\Ports and Harbours
Ports and Harbours-1.xml ; Ports and Harbours-2.xml ; Ports and Harbours-3.xml ; Ports and Harbours-4.xml ; Ports and Harbours-5.xml ; Ports and harbours.xml
Path : \EarthSeaSkyXML\Climate
Climate-1.xml ; Climate-2.xml ; Climate-3.xml ; Climate-4.xml ; Climate.xml
Path : \EarthSeaSkyXML\Wading Birds
Wading Birds-1.xml ; Wading Birds-2.xml ; Wading Birds-3.xml ; Wading Birds-4.xml ; Wading Birds-5.xml ; Wading Birds-6.xml ; Wading Birds-7.xml ; Wading Birds.xml
Path : \EarthSeaSkyXML\Open Water Swimming
Open water swimming-1.xml ; Open water swimming-2.xml ; Open water swimming-3.xml ; Open water swimming.xml
Path : \EarthSeaSkyXML\WhenuaHowTheLandWasShaped
Whenua - how the land was shaped-1.xml ; Whenua - how the land was shaped-2.xml ; Whenua - how the land was shaped-3.xml ; Whenua - how the land was shaped-4.xml ; Whenua - how the land was shaped-5.xml ; Whenua - how the land was shaped-6.xml ; Whenua - how the land was shaped-maori.xml ; Whenua - how the land was shaped.xml
Path : \TheSettledLandscapeXML\Stone fruit and the summerfruit industry
Summer fruit-1.xml ; Summer fruit-2.xml ; Summer fruit-3.xml ; Summer fruit-4.xml ; Summer fruit.xml
Path : \TheBushXML\NZ species overseas
New Zealand fauna and flora overseas-1.xml ; New Zealand fauna and flora overseas-2.xml ; New Zealand fauna and flora overseas-3.xml ; New Zealand fauna and flora overseas-4.xml ; New Zealand fauna and flora overseas-5.xml ; New Zealand fauna and flora overseas.xml
Path : \TheBushXML\Life in Fresh Water
Life in Freshwater-1.xml ; Life in Freshwater-2.xml ; Life in Freshwater-3.xml ; Life in Freshwater-4.xml ; Life in Freshwater-5.xml ; Life in Freshwater.xml
Path : \NZPeoplesxml\Scandinavians
Scandinavians-1.xml ; Scandinavians-2.xml ; Scandinavians-3.xml ; Scandinavians-4.xml ; Scandinavians.xml
Path : \MaoriNZersxml\Ngai Tuhoe
Ngai Tuhoe-1.xml ; Ngai Tuhoe-2.xml ; Ngai Tuhoe-3.xml ; Ngai Tuhoe-4.xml ; Ngai Tuhoe-5.xml ; Ngai Tuhoe-6.xml ; Ngai Tuhoe-7.xml ; ngaituhoe-converted.xml ; ngaituhoemaori-converted.xml
Path : \TheBushXML\Kauri Forests
Kauri Forests-1.xml ; Kauri Forests-2.xml ; Kauri Forests-3.xml ; Kauri Forests-4.xml ; Kauri Forests.xml
Path : \TheSettledLandscapeXML\Meat and wool
Sheep and Beef Products-1.xml ; Sheep and Beef Products-2.xml ; Sheep and Beef Products-3.xml ; Sheep and Beef Products-4.xml ; Sheep and Beef Products-5.xml ; Sheep and Beef Products-6.xml ; Sheep and Beef Products-7.xml ; Sheep and Beef Products.xml
Path : \TheBushXML\Bats
Bats-1.xml ; Bats-2.xml ; Bats-3.xml ; Bats.xml
Path : \MaoriNZersxml\Ngati Kahungunu
kahungunu-converted.xml ; Ngati Kahungunu-1.xml ; Ngati Kahungunu-2.xml ; Ngati Kahungunu-3.xml ; Ngati Kahungunu-4.xml ; Ngati Kahungunu-5.xml ; Ngati Kahungunu-6.xml ; Ngati Kahungunu-7.xml ; ngatikahungunu-converted.xml ; ngatikahungunu-maori-converted.xml
Path : \NZPeoplesxml\Tongans
Tongans-1.xml ; Tongans-2.xml ; Tongans-3.xml ; Tongans-4.xml ; tongans-converted.xml
Path : \MaoriNZersxml\Moriori
Moriori-1.xml ; Moriori-2.xml ; Moriori-3.xml ; Moriori-4.xml ; Moriori-5.xml ; moriori-converted.xml
Path : \TheSettledLandscapeXML\Sheep farming
Sheep farming-1.xml ; Sheep farming-10.xml ; Sheep farming-2.xml ; Sheep farming-3.xml ; Sheep farming-4.xml ; Sheep farming-5.xml ; Sheep farming-6.xml ; Sheep farming-7.xml ; Sheep farming-8.xml ; Sheep farming-9.xml ; Sheep farming.xml
Path : \TheBushXML\European exploration
European exploration-1.xml ; European exploration-2.xml ; European exploration-3.xml ; European exploration-4.xml ; European exploration-5.xml ; European exploration-6.xml ; European exploration-7.xml ; European exploration-8.xml ; European exploration-9.xml ; European exploration.xml
Path : \TheBushXML\Alpine plants
Alpine Plants-1.xml ; Alpine Plants-2.xml ; Alpine Plants-3.xml ; Alpine Plants-4.xml ; Alpine Plants-5.xml ; Alpine Plants-6.xml ; Alpine Plants-7.xml ; Alpine Plants.xml
Path : \TheBushXML\TeAoMaramaTheNaturalWorld
Te Ao Marama - the natural world-1.xml ; Te Ao Marama - the natural world-2.xml ; Te Ao Marama - the natural world-3.xml ; Te Ao Marama - the natural world-4.xml ; Te Ao Marama - the natural world-5.xml ; Te Ao Marama - the natural world-maori.xml ; Te Ao Marama - the natural world.xml
Path : \EarthSeaSkyXML\Iron and Steel
Iron and Steel-1.xml ; Iron and Steel-2.xml ; Iron and Steel-3.xml ; Iron and Steel-4.xml ; Iron and Steel-5.xml ; Iron and steel.xml
Path : \EarthSeaSkyXML\Marine minerals
Marine minerals-1.xml ; Marine minerals-2.xml ; Marine minerals.xml
Path : \TheSettledLandscapeXML\Veterinary services
Veterinary services-1.xml ; Veterinary services-2.xml ; Veterinary services-3.xml ; Veterinary services-4.xml ; Veterinary services-5.xml ; Veterinary Services.xml
Path : \TheBushXML\Ferns and Fern Allies
Ferns & allies-1.xml ; Ferns & allies-2.xml ; Ferns & allies-3.xml ; Ferns & allies-4.xml ; Ferns & allies-5.xml ; Ferns & allies-6.xml ; ferns & allies.xml
Path : \MaoriNZersxml\Te Whakatohea
Te Whakatohea-1.xml ; Te Whakatohea-2.xml ; Te Whakatohea-3.xml ; tewhakatohea(maori)-converted.xml ; tewhakatohea-converted.xml
Path : \MaoriNZersxml\Urban Maori
TRANSLATION-urban maori-converted.xml ; Urban Maori-1.xml ; Urban Maori-2.xml ; Urban Maori-3.xml ; Urban Maori-4.xml ; Urban Maori-5.xml ; urbanmaori-converted.xml ; UrbanMaoriRE.xml
Path : \EarthSeaSkyXML\Life on the sea floor
Life on the sea floor-1.xml ; Life on the sea floor-2.xml ; Life on the sea floor-3.xml ; Life on the sea floor-4.xml ; Life on the sea floor.xml
Path : \TheBushXML\TeAitangaAPepekeInsects
Te Aitanga a Pepeke-1.xml ; Te Aitanga a Pepeke-2.xml ; Te Aitanga a Pepeke-3.xml ; Te Aitanga a Pepeke-4.xml ; Te aitanga a pepeke-maori.xml ; te Aitanga a Pepeke.xml
Path : \EarthSeaSkyXML\Tangaroa - The Sea
Tangaroa - the sea-1.xml ; Tangaroa - the sea-2.xml ; Tangaroa - the sea-3.xml ; Tangaroa - the sea-4.xml ; Tangaroa - the sea-5.xml ; Tangaroa - the sea-maori.xml ; Tangaroa - the sea.xml
Path : \EarthSeaSkyXML\MataitaiShellfishGathering
Mataitai - shellfish gathering-1.xml ; Mataitai - shellfish gathering-2.xml ; Mataitai - shellfish gathering-3.xml ; Mataitai - shellfish gathering-4.xml ; Mataitai - shellfish gathering-5.xml ; Mataitai - shellfish gathering-6.xml ; Mataitai - shellfish gathering-maori.xml ; Mataitai - shellfish gathering.xml
Path : \MaoriNZersxml\Rangitane
Rangitane-1.xml ; Rangitane-2.xml ; Rangitane-3.xml ; rangitane-converted.xml ; rangitanemaori-converted.xml
Path : \TheSettledLandscapeXML\Acclimatisation
Acclimatisation-1.xml ; Acclimatisation-2.xml ; Acclimatisation-3.xml ; Acclimatisation-4.xml ; Acclimatisation.xml
Path : \NZPeoplesxml\Chinese
Chinese-1.xml ; Chinese-2.xml ; Chinese-3.xml ; Chinese-4.xml ; Chinese-5.xml ; Chinese-6.xml ; Chinese-converted.xml
Path : \NZPeoplesxml\MalaysiansandSingaporeans
Malaysians and Singaporeans-1.xml ; Malaysians and Singaporeans-2.xml ; malaysiansandsingaporeans-converted.xml
Path : \MaoriNZersxml\Whakatu Tribes
Whakatu tribes-1.xml ; Whakatu tribes-2.xml ; Whakatu tribes-3.xml ; Whakatu tribes-4.xml ; Whakatu tribes-5.xml ; whakatutribes-converted.xml ; whakatutribes-maori-converted.xml
Path : \EarthSeaSkyXML\Atmosphere
Atmosphere-1.xml ; Atmosphere-2.xml ; Atmosphere-3.xml ; Atmosphere-4.xml ; Atmosphere-5.xml ; Atmosphere.xml
Path : \EarthSeaSkyXML\Wind and Solar Power
Wind and solar power-1.xml ; Wind and solar power-2.xml ; Wind and solar power-3.xml ; Wind and solar power.xml
Path : \EarthSeaSkyXML\Ocean fish
Ocean Fish-1.xml ; Ocean Fish-2.xml ; Ocean Fish-3.xml ; Ocean Fish-4.xml ; Ocean fish.xml
Path : \EarthSeaSkyXML\Weather
Weather-1.xml ; Weather-2.xml ; Weather-3.xml ; Weather-4.xml ; Weather-5.xml ; Weather-6.xml ; Weather-7.xml ; Weather.xml
Path : \NZPeoplesxml\Italians
Italians-1.xml ; Italians-2.xml ; Italians-3.xml ; Italians-4.xml ; Italians-5.xml ; italiansB.xml
Path : \PlacesXML\Wanganui\Wanganui gazetteer captions
Wanganui - gazetteer-1.xml ; Wanganui - gazetteer-10.xml ; Wanganui - gazetteer-2.xml ; Wanganui - gazetteer-3.xml ; Wanganui - gazetteer-4.xml ; Wanganui - gazetteer-5.xml ; Wanganui - gazetteer-6.xml ; Wanganui - gazetteer-7.xml ; Wanganui - gazetteer-8.xml ; Wanganui - gazetteer-9.xml
Path : \TheSettledLandscapeXML\Shearing
Shearing-1.xml ; Shearing-2.xml ; Shearing-3.xml ; Shearing-4.xml ; SHEARING.xml
Path : \TheSettledLandscapeXML\Superphosphate
Superphosphate-1.xml ; Superphosphate-2.xml ; Superphosphate-3.xml ; Superphosphate-4.xml ; Superphosphate.xml
Path : \TheBushXML\Smaller forest birds
Smaller forest birds-1.xml ; Smaller forest birds-10.xml ; Smaller forest birds-2.xml ; Smaller forest birds-3.xml ; Smaller forest birds-4.xml ; Smaller forest birds-5.xml ; Smaller forest birds-6.xml ; Smaller forest birds-7.xml ; Smaller forest birds-8.xml ; Smaller forest birds-9.xml ; Smaller forest birds.xml
Path : \MaoriNZersxml\Ngati Tuwharetoa
Ngati Tuwharetoa-1.xml ; Ngati Tuwharetoa-2.xml ; Ngati Tuwharetoa-3.xml ; Ngati Tuwharetoa-4.xml ; Ngati Tuwharetoa-5.xml ; Ngati Tuwharetoa-6.xml ; ngatituwharetoa-converted.xml ; ngatituwharetoamaori-converted.xml
Path : \NZPeoplesxml\TheNewZealanders
The New Zealanders-1.xml ; The New Zealanders-10.xml ; The New Zealanders-11.xml ; The New Zealanders-12.xml ; The New Zealanders-13.xml ; The New Zealanders-2.xml ; The New Zealanders-3.xml ; The New Zealanders-4.xml ; The New Zealanders-5.xml ; The New Zealanders-6.xml ; The New Zealanders-7.xml ; The New Zealanders-8.xml ; The New Zealanders-9.xml ; thenewzealanders-converted.xml
Path : \TheBushXML\Nearshore islands
Nearshore islands-1.xml ; Nearshore islands-2.xml ; Nearshore islands-3.xml ; Nearshore islands-4.xml ; Nearshore islands-5.xml ; nearshore islands.xml
Path : \PlacesXML\Northland\Captions (Northland gazetteer) - xml
Northland - gazetteer-1.xml ; Northland - gazetteer-10.xml ; Northland - gazetteer-11.xml ; Northland - gazetteer-12.xml ; Northland - gazetteer-13.xml ; Northland - gazetteer-14.xml ; Northland - gazetteer-15.xml ; Northland - gazetteer-16.xml ; Northland - gazetteer-17.xml ; Northland - gazetteer-2.xml ; Northland - gazetteer-3.xml ; Northland - gazetteer-4.xml ; Northland - gazetteer-5.xml ; Northland - gazetteer-6.xml ; Northland - gazetteer-7.xml ; Northland - gazetteer-8.xml ; Northland - gazetteer-9.xml
Path : \TheSettledLandscapeXML\Land ownership
Land ownership-1.xml ; Land ownership-2.xml ; Land ownership-3.xml ; Land ownership-4.xml ; Land ownership-5.xml ; Land ownership-6.xml ; Land ownership-7.xml ; Land ownership-8.xml ; Land ownership.xml
Path : \EarthSeaSkyXML\Floods
Floods-1.xml ; Floods-2.xml ; Floods-3.xml ; Floods-4.xml ; Floods-5.xml ; Floods-6.xml ; Floods-7.xml ; Floods.xml
Path : \TheSettledLandscapeXML\Kiore - Pacific rats
Kiore - Pacific rats-1.xml ; Kiore - Pacific rats-2.xml ; Kiore - Pacific rats-3.xml ; Kiore - Pacific rats-maori.xml ; kiore - Pacific rats.xml
Path : \EarthSeaSkyXML\Marine Conservation
Marine conservation-1.xml ; Marine conservation-2.xml ; Marine conservation-3.xml ; Marine conservation-4.xml ; Marine conservation-5.xml ; Marine conservation-6.xml ; Marine conservation-7.xml ; Marine conservation.xml
Path : \NZPeoplesxml\Irish
Irish-1.xml ; Irish-10.xml ; Irish-2.xml ; Irish-3.xml ; Irish-4.xml ; Irish-5.xml ; Irish-6.xml ; Irish-7.xml ; Irish-8.xml ; Irish-9.xml ; irish-converted.xml
Path : \EarthSeaSkyXML\Coal
Coal-1.xml ; Coal-2.xml ; Coal-3.xml ; Coal-4.xml ; Coal-5.xml ; Coal-6.xml ; Coal-7.xml ; Coal-8.xml ; Coal-9.xml ; Coal.xml
Path : \EarthSeaSkyXML\Matariki - Maori New Year
Matariki - Maori New Year-1.xml ; Matariki - Maori New Year-2.xml ; Matariki - Maori New Year-3.xml ; Matariki - Maori New Year-maori.xml ; Matariki - Maori New Year.xml
Path : \MaoriNZersxml\Whanganui Tribes
Whanganui tribes-1.xml ; Whanganui tribes-2.xml ; Whanganui tribes-3.xml ; whanganuitribes-converted.xml ; whanganuitribesmaori-converted.xml
Path : \PlacesXML\Canterbury\Captions entry - XML
Canterbury - entry-1.xml ; Canterbury - entry-10.xml ; Canterbury - entry-11.xml ; Canterbury - entry-12.xml ; Canterbury - entry-13.xml ; Canterbury - entry-14.xml ; Canterbury - entry-15.xml ; Canterbury - entry-16.xml ; Canterbury - entry-2.xml ; Canterbury - entry-3.xml ; Canterbury - entry-4.xml ; Canterbury - entry-5.xml ; Canterbury - entry-6.xml ; Canterbury - entry-7.xml ; Canterbury - entry-8.xml ; Canterbury - entry-9.xml
Path : \EarthSeaSkyXML\Waka - canoes
Waka - canoes-1.xml ; Waka - canoes-2.xml ; Waka - canoes-3.xml ; Waka - canoes-4.xml ; Waka - canoes-5.xml ; Waka - canoes-6.xml ; Waka - canoes-7.xml ; Waka - canoes-maori.xml ; waka - canoes.xml
Path : \EarthSeaSkyXML\Building Stones
Building stones-1.xml ; Building stones-2.xml ; Building stones-3.xml ; Building stones-4.xml ; Building stones-5.xml ; Building stones.xml
Path : \EarthSeaSkyXML\Castaways
Castaways-1.xml ; Castaways-2.xml ; Castaways.xml
Path : \EarthSeaSkyXML\Law of the sea
Law of the Sea-1.xml ; Law of the Sea-2.xml ; Law of the Sea-3.xml ; Law of the Sea-4.xml ; Law of the sea.xml
Path : \TheBushXML\Search and rescue
Search and rescue-1.xml ; Search and rescue-2.xml ; Search and rescue-3.xml ; Search and rescue-4.xml ; Search and rescue-5.xml ; Search and rescue.xml
Path : \EarthSeaSkyXML\Oil and Gas
Oil and Gas-1.xml ; Oil and Gas-2.xml ; Oil and Gas-3.xml ; Oil and Gas-4.xml ; Oil and Gas-5.xml ; Oil and Gas-6.xml ; Oil and gas.xml
Path : \TheBushXML\Tall Broadleaf trees
Tall broadleaf trees-1.xml ; Tall broadleaf trees-2.xml ; Tall broadleaf trees-3.xml ; Tall broadleaf trees-4.xml ; Tall broadleaf trees-5.xml ; Tall broadleaf trees-6.xml ; Tall broadleaf trees-7.xml ; Tall broadleaf trees.xml
Path : \PlacesXML\BayOfPlenty\Captions (BoP entry) - xml
Bay of Plenty - entry-1.xml ; Bay of Plenty - entry-10(3.0).xml ; Bay of Plenty - entry-11(2.0).xml ; Bay of Plenty - entry-12(2.0).xml ; Bay of Plenty - entry-13.xml ; Bay of Plenty - entry-2.xml ; Bay of Plenty - entry-3.xml ; Bay of Plenty - entry-4.xml ; Bay of Plenty - entry-5.xml ; Bay of Plenty - entry-6.xml ; Bay of Plenty - entry-7.xml ; Bay of Plenty - entry-8.xml ; Bay of Plenty - entry-9.xml
Path : \NZPeoplesxml\Indians
Indians-1.xml ; Indians-2.xml ; Indians-3.xml ; Indians-4.xml ; Indians-5.xml ; Indians-6.xml ; indiansB.xml
Path : \TheSettledLandscapeXML\Rural media
Rural media-1.xml ; Rural media-2.xml ; Rural media-3.xml ; Rural media.xml
Path : \MaoriNZersxml\Ngati Porou
Ngati Porou-1.xml ; Ngati Porou-2.xml ; Ngati Porou-3.xml ; Ngati Porou-4.xml ; Ngati Porou-5.xml ; Ngati Porou-6.xml ; ngatiporou-converted.xml ; ngatiporoumaori-converted.xml
Path : \EarthSeaSkyXML\Seals
Seals-1.xml ; Seals-2.xml ; Seals-3.xml ; Seals-4.xml ; Seals-5.xml ; Seals-6.xml ; Seals-7.xml ; Seals-8.xml ; Seals.xml
Path : \MaoriNZersxml\Ngati Rongomaiwahine
Ngati Rongomaiwahine Maori-converted.xml ; Ngati Rongomaiwahine-1.xml ; Ngati Rongomaiwahine-2.xml ; Ngati Rongomaiwahine-3.xml ; Ngati Rongomaiwahine-converted.xml
Path : \PlacesXML\WestCoast
West Coast - entry.xml ; West Coast - gazetteer.xml
Path : \MaoriNZersxml\Canoe Navigation
Canoe navigation-1.xml ; Canoe navigation-2.xml ; Canoe navigation-3.xml ; Canoe navigation-4.xml ; Canoe navigation-5.xml ; Canoe navigation-converted.xml ; Canoe navigation-maori.xml
Path : \TheBushXML\Landscape
New Zealand landscape-1.xml ; New Zealand landscape-10.xml ; New Zealand landscape-2.xml ; New Zealand landscape-3.xml ; New Zealand landscape-4.xml ; New Zealand landscape-5.xml ; New Zealand landscape-6.xml ; New Zealand landscape-7.xml ; New Zealand landscape-8.xml ; New Zealand landscape-9.xml ; New Zealand landscape.xml
Path : \TheSettledLandscapeXML\Country schooling
Country schooling-1.xml ; Country schooling-2.xml ; Country schooling-3.xml ; Country schooling-4.xml ; Country schooling.xml
Path : \TheSettledLandscapeXML\Hunting
Hunting-1.xml ; Hunting-2.xml ; Hunting-3.xml ; Hunting-4.xml ; Hunting-5.xml ; Hunting.xml
Path : \TheSettledLandscapeXML\Rural recreation
Rural recreation-1.xml ; Rural recreation-2.xml ; Rural recreation-3.xml ; Rural recreation-4.xml ; Rural recreation-5.xml ; Rural recreation-6.xml ; Rural recreation-7.xml ; Rural recreation.xml
Path : \TheSettledLandscapeXML\Possums
Possums-1.xml ; Possums-2.xml ; Possums-3.xml ; Possums-4.xml ; Possums-5.xml ; Possums.xml
Path : \EarthSeaSkyXML\Gemstones
Gemstones-1.xml ; Gemstones-2.xml ; Gemstones-3.xml ; Gemstones.xml
Path : \TheSettledLandscapeXML\Hoiho - Maori and horses
Hoiho -  horses and iwi-1.xml ; Hoiho -  horses and iwi-2.xml ; Hoiho -  horses and iwi-3.xml ; Hoiho -  horses and iwi.xml ; Hoiho - horses and iwi-maori.xml
Path : \MaoriNZersxml\Tribal Organisation
Tribal organisation-1.xml ; Tribal organisation-2.xml ; Tribal organisation-3.xml ; Tribal organisation-4.xml ; Tribal organisation-5.xml ; Tribal organisation-6.xml ; tribalorganisation-converted.xml ; tribalorganisationmaori-converted.xml
Path : \TheSettledLandscapeXML\Market gardens
Market gardens and nurseries-1.xml ; Market gardens and nurseries-2.xml ; Market gardens and nurseries-3.xml ; Market gardens and nurseries-4.xml ; Market gardens and nurseries-5.xml ; Market gardens and nurseries-6.xml ; Market gardens and nurseries-7.xml ; Market gardens and nurseries-8.xml ; Market gardens and nurseries.xml
Path : \TheBushXML\Plant extracts
Natural products from New Zealand plants.xml ; Plant extracts-1.xml ; Plant extracts-2.xml ; Plant extracts-3.xml
Path : \NZPeoplesxml\Thais
Thais-1.xml ; Thais-2.xml ; Thais-3.xml ; thais-converted.xml
Path : \TheBushXML\Lizards
Lizards-1.xml ; Lizards-2.xml ; Lizards-3.xml ; Lizards-4.xml ; Lizards.xml
Path : \EarthSeaSkyXML\LifeOfTheCoastalShoreline
Life of the coastal shoreline-1.xml ; Life of the coastal shoreline-2.xml ; Life of the coastal shoreline-3.xml ; Life of the coastal shoreline-4.xml ; Life of the coastal shoreline-5.xml ; Life of the coastal shoreline-6.xml ; Life of the coastal shoreline-7.xml ; Life of the coastal shoreline.xml
Path : \TheBushXML\Land Birds
Land birds-1.xml ; Land birds-2.xml ; Land birds-3.xml ; Land birds-4.xml ; Land birds-5.xml ; Land birds.xml
Path : \TheBushXML\Snails and slugs
Slugs and snails-1.xml ; Slugs and snails-2.xml ; Slugs and snails-3.xml ; Slugs and snails.xml
Path : \TheBushXML\Tramping
Tramping-1.xml ; Tramping-2.xml ; Tramping-3.xml ; Tramping-4.xml ; Tramping-CC5.xml ; Tramping.xml
Path : \TheSettledLandscapeXML\Pastures
Pastures-1.xml ; Pastures-10.xml ; Pastures-11.xml ; Pastures-2.xml ; Pastures-3.xml ; Pastures-4.xml ; Pastures-5.xml ; Pastures-6.xml ; Pastures-7.xml ; Pastures-8.xml ; Pastures-9.xml ; Pastures.xml
Path : \EarthSeaSkyXML\Titi - Muttonbirding
Titi - muttonbirding-1.xml ; Titi - muttonbirding-2.xml ; Titi - muttonbirding-3.xml ; Titi - muttonbirding-4.xml ; Titi - muttonbirding-maori.xml ; Titi - muttonbirding.xml
Path : \TheSettledLandscapeXML\Soil erosion and conservation
Erosion and soil conservation-1.xml ; Erosion and soil conservation-2.xml ; Erosion and soil conservation-3.xml ; Erosion and soil conservation-4.xml ; Erosion and soil conservation-5.xml ; Erosion and soil conservation-6.xml ; Erosion and soil conservation-7.xml ; Erosion and soil conservation-8.xml ; Erosion and Soil Conservation.xml
Path : \TheBushXML\Liverworst and hornworts
Liverworts & hornworts-1.xml ; Liverworts & hornworts-2.xml ; Liverworts & hornworts-3.xml ; Liverworts & hornworts.xml
Path : \NZPeoplesxml\Swiss
Swiss-1.xml ; Swiss-2.xml ; swiss-converted.xml
Path : \TheSettledLandscapeXML\Deer farming
Deer farming-1.xml ; Deer farming-10.xml ; Deer farming-11.xml ; Deer farming-2.xml ; Deer farming-3.xml ; Deer farming-4.xml ; Deer farming-5.xml ; Deer farming-6.xml ; Deer farming-7.xml ; Deer farming-8.xml ; Deer farming-9.xml ; Deer farming.xml
Path : \MaoriNZersxml\Ngati Toarangatira
Ngati Toarangatira-1.xml ; Ngati Toarangatira-2.xml ; Ngati Toarangatira-3.xml ; Ngati Toarangatira-4.xml ; Ngati Toarangatira-converted.xml ; NgatiToarangatira(Maori)-converted.xml
Path : \TheSettledLandscapeXML\Kumara
Kumara-1.xml ; Kumara-2.xml ; Kumara-3.xml ; Kumara-4.xml ; Kumara-maori.xml ; Kumara.xml
Path : \EarthSeaSkyXML\Ocean currents and tides
Ocean currents and tides-1.xml ; Ocean currents and tides-2.xml ; Ocean currents and tides-3.xml ; Ocean currents and tides-4.xml ; Ocean currents and tides-5.xml ; Ocean currents and tides-6.xml ; Ocean currents and tides-7.xml ; Ocean currents and tides.xml
Path : \PlacesXML\ManawatuHorowhenua\Captions gazetteer - xml
Manawatu - Gazetteer-1.xml ; Manawatu - Gazetteer-2.xml ; Manawatu - Gazetteer-3.xml ; Manawatu - Gazetteer-4.xml ; Manawatu - Gazetteer-5.xml ; Manawatu - Gazetteer-6.xml ; Manawatu - Gazetteer-7.xml ; Manawatu - Gazetteer-8.xml ; Manawatu - Gazetteer-9.xml
Path : \TheBushXML\Kauri Gum
Kauri gum-1.xml ; Kauri gum-2.xml ; Kauri gum-3.xml ; Kauri gum-4.xml ; Kauri gum.xml
Path : \NZPeoplesxml\Jews
Jews-1.xml ; Jews-2.xml ; Jews-3.xml ; Jews-4.xml ; jews-converted.xml
Path : \EarthSeaSkyXML\Aviation
Aviation-1.xml ; Aviation-10.xml ; Aviation-11.xml ; Aviation-2.xml ; Aviation-3.xml ; Aviation-4.xml ; Aviation-5.xml ; Aviation-6.xml ; Aviation-7.xml ; Aviation-8.xml ; Aviation-9.xml ; Aviation.xml
Path : \MaoriNZersxml\Ngati raukawa
Ngati Raukawa-1.xml ; Ngati Raukawa-2.xml ; Ngati Raukawa-3.xml ; Ngati Raukawa-4(13.0).xml ; ngatiraukawa-converted.xml ; ngatiraukawamaori-converted.xml
Path : \TheBushXML\The Bush
The Bush-1.xml ; The Bush-2.xml ; The Bush-3.xml ; The Bush-4.xml ; The Bush-5.xml ; The Bush.xml
Path : \TheBushXML\Bird watching
Bird watching-1.xml ; Bird watching-2.xml ; Bird watching-3.xml ; Bird watching-4.xml ; Bird watching-5.xml ; Bird watching-6.xml ; Bird watching.xml
Path : \NZPeoplesxml\WesternEuropeans
Other Western Europeans-1.xml ; Other Western Europeans-2.xml ; Other Western Europeans-3.xml ; Other Western Europeans-converted.xml
Path : \NZPeoplesxml\EuropeanDiscovery
European discovery of New Zealand-1.xml ; European discovery of New Zealand-2.xml ; European discovery of New Zealand-3.xml ; European discovery of New Zealand-4.xml ; European discovery of New Zealand-5.xml ; European discovery of New Zealand-6.xml ; European discovery of New Zealand-7.xml ; European discovery of New Zealand-8.xml ; European discovery of New Zealand-9.xml ; EuropeanDiscoveryOfNewZealand-converted.xml
Path : \EarthSeaSkyXML\Sealing
Sealing-1.xml ; Sealing-2(2.0).xml ; Sealing.xml
Path : \MaoriNZersxml\Marutuahu Tribes
Marutuahu tribes-1.xml ; Marutuahu tribes-2.xml ; Marutuahu tribes-3.xml ; Marutuahu tribes-4.xml ; Marutuahu tribes-5.xml ; marutuahutribes-converted.xml ; marutuahutribesmaori-converted.xml
Path : \TheBushXML\Shrublands
Shrublands-1.xml ; Shrublands-2.xml ; Shrublands-3.xml ; Shrublands-4.xml ; Shrublands-5.xml ; Shrublands-6.xml ; Shrublands.xml
Path : \PlacesXML\Southland\Southland gazetteer captions
Southland - gazetteer-1.xml ; Southland - gazetteer-10.xml ; Southland - gazetteer-11.xml ; Southland - gazetteer-12.xml ; Southland - gazetteer-2.xml ; Southland - gazetteer-3.xml ; Southland - gazetteer-4.xml ; Southland - gazetteer-5.xml ; Southland - gazetteer-6.xml ; Southland - gazetteer-7.xml ; Southland - gazetteer-8.xml ; Southland - gazetteer-9.xml
Path : \TheSettledLandscapeXML\Pets
Pets-1.xml ; Pets-2.xml ; Pets-3.xml ; Pets-4.xml ; Pets-5.xml ; Pets-6.xml ; Pets-7.xml ; Pets.xml
Path : \TheBushXML\Geomorphology a history
Geomorphology a history-1.xml ; Geomorphology a history-2.xml ; Geomorphology a history-3.xml ; Geomorphology a history-4.xml ; Geomorphology a history.xml
Path : \NZPeoplesxml\RussiansUkraineBaltic
Russians, Ukrainians and Baltic peoples-1.xml ; Russians, Ukrainians and Baltic peoples-2.xml ; russians-converted.xml
Path : \PlacesXML\BayOfPlenty
Bay of Plenty - entry.xml ; Bay of Plenty - gazetteer.xml
Path : \PlacesXML\Wairarapa\Captions gazetteer - xml
Wairarapa - Gazetteer-1.xml ; Wairarapa - Gazetteer-10.xml ; Wairarapa - Gazetteer-11.xml ; Wairarapa - Gazetteer-2.xml ; Wairarapa - Gazetteer-3.xml ; Wairarapa - Gazetteer-4.xml ; Wairarapa - Gazetteer-5.xml ; Wairarapa - Gazetteer-6.xml ; Wairarapa - Gazetteer-7.xml ; Wairarapa - Gazetteer-8.xml ; Wairarapa - Gazetteer-9.xml
Path : \MaoriNZersxml\Ngati Awa
Ngati Awa-1.xml ; Ngati Awa-2.xml ; Ngati Awa-3.xml ; Ngati Awa-4.xml ; ngatiawaengB.xml ; ngatiawamaoriB.xml
Path : \PlacesXML\Wanganui
Wanganui - entry.xml ; Wanganui - gazetteer.xml
Path : \TheSettledLandscapeXML\Fencing
Fencing-1.xml ; Fencing-2.xml ; Fencing-3.xml ; Fencing-4.xml ; Fencing-5.xml ; Fencing-6.xml ; Fencing-7.xml ; Fencing.xml
Path : \MaoriNZersxml\Pacific Migrations
Pacific migrations-1.xml ; Pacific migrations-2.xml ; Pacific migrations-3.xml ; Pacific migrations-4.xml ; Pacific migrations-5.xml ; Pacific migrations-6.xml ; Pacific migrations-7.xml ; Pacific migrations-8.xml ; pacificmigrations-converted.xml ; pacificmigrationsmaori-converted.xml
Path : \PlacesXML\Auckland\Places captions-xml
Auckland - Places-1.xml ; Auckland - Places-10.xml ; Auckland - Places-11.xml ; Auckland - Places-12.xml ; Auckland - Places-13.xml ; Auckland - Places-14.xml ; Auckland - Places-15.xml ; Auckland - Places-16.xml ; Auckland - Places-17.xml ; Auckland - Places-18.xml ; Auckland - Places-19.xml ; Auckland - Places-2.xml ; Auckland - Places-3.xml ; Auckland - Places-4.xml ; Auckland - Places-5.xml ; Auckland - Places-6.xml ; Auckland - Places-7.xml ; Auckland - Places-8.xml ; Auckland - Places-9.xml
Path : \NZPeoplesxml\Filipinos
Filipinos-1.xml ; Filipinos-2.xml ; filipinos-converted.xml
Path : \NZPeoplesxml\Australians
Australians-1.xml ; Australians-2.xml ; Australians-3.xml ; Australians-4.xml ; Australians-5.xml ; australians-converted.xml
Path : \TheBushXML\Extinctions
Extinctions-1.xml ; Extinctions-2.xml ; Extinctions-3.xml ; Extinctions-4.xml ; Extinctions-5.xml ; Extinctions-6.xml ; Extinctions-7.xml ; Extinctions.xml
Path : \TheSettledLandscapeXML\Tapatapa whenua naming the land
Tapa whenua - naming of the land-1.xml ; Tapa whenua - naming of the land-2.xml ; Tapa whenua - naming of the land-3.xml ; Tapa whenua - naming of the land-4.xml ; Tapa whenua - naming of the land-maori.xml ; tapa whenua - naming of the land.xml
Path : \MaoriNZersxml\Tauranga Moana
Tauranga Moana tribes-1.xml ; Tauranga Moana tribes-2.xml ; Tauranga Moana tribes-3.xml ; taurangamoana-converted.xml ; taurangamoanamaori-converted.xml
Path : \EarthSeaSkyXML\Seafarers
Seafarers-1.xml ; Seafarers-2.xml ; Seafarers-3.xml ; Seafarers.xml
Path : \TheBushXML\Orchids
Orchids-1.xml ; Orchids-2.xml ; Orchids-3.xml ; Orchids.xml
Path : \MaoriNZersxml\Te Arawa
Te Arawa-1.xml ; Te Arawa-2.xml ; Te Arawa-3.xml ; Te Arawa-4.xml ; Te Arawa-5.xml ; Te Arawa-6.xml ; tearawa-converted.xml ; tearawamaori-converted.xml
Path : \EarthSeaSkyXML\PounamuNewZealandJade
Pounamu - New Zealand jade-1.xml ; Pounamu - New Zealand jade-2.xml ; Pounamu - New Zealand jade-3.xml ; Pounamu - New Zealand jade-4.xml ; Pounamu - New Zealand jade-5.xml ; Pounamu - New Zealand jade-6.xml ; Pounamu - New Zealand jade-7.xml ; Pounamu - New Zealand jade-maori.xml ; Pounamu - New Zealand jade.xml
Path : \NZPeoplesxml\SouthPacificPeoples
South Pacific peoples-1.xml ; South Pacific peoples-2.xml ; SouthPacificPeoples-converted.xml
Path : \TheBushXML\Stick Insects
Stick insects-1.xml ; Stick insects-2.xml ; Stick insects.xml
Path : \NZinBriefXML\Economy
Economy-1.xml ; Economy-10.xml ; Economy-2.xml ; Economy-3.xml ; Economy-4.xml ; Economy-5.xml ; Economy-6.xml ; Economy-7.xml ; Economy-8.xml ; Economy-9.xml ; economy-converted.xml
Path : \TheBushXML\Freshwater Fish
Freshwater  fish-3.xml ; Freshwater  fish-4.xml ; Freshwater  fish-6.xml ; Freshwater  fish.xml ; Freshwater fish-1.xml ; Freshwater fish-2.xml ; Freshwater fish-5.xml
Path : \TheSettledLandscapeXML\SoilsLandUse
Soils, climate and land use.-1.xml ; Soils, climate and land use.-2.xml ; Soils, climate and land use.-3.xml ; Soils, climate and land use.-4.xml ; Soils, climate and land use.-5.xml ; Soils, climate and land use.-6.xml ; Soils, climate and land use.-7.xml ; Soils, climate and land use..xml
Path : \PlacesXML\Canterbury\Captions gazetteer - XML
Canterbury - Gazetteer-1.xml ; Canterbury - Gazetteer-10.xml ; Canterbury - Gazetteer-11.xml ; Canterbury - Gazetteer-12.xml ; Canterbury - Gazetteer-13.xml ; Canterbury - Gazetteer-14.xml ; Canterbury - Gazetteer-15.xml ; Canterbury - Gazetteer-16.xml ; Canterbury - Gazetteer-17.xml ; Canterbury - Gazetteer-18.xml ; Canterbury - Gazetteer-2.xml ; Canterbury - Gazetteer-3.xml ; Canterbury - Gazetteer-4.xml ; Canterbury - Gazetteer-5.xml ; Canterbury - Gazetteer-6.xml ; Canterbury - Gazetteer-7.xml ; Canterbury - Gazetteer-8.xml ; Canterbury - Gazetteer-9.xml
Path : \TheBushXML\Human effects on the environment
Human  effects on the environment-1.xml ; Human  effects on the environment-3.xml ; Human  effects on the environment-4.xml ; Human effects on the environment-2.xml ; Human effects on the environment.xml
Path : \MaoriNZersxml\Ngati Ruanui
Ngati Ruanui Maori-converted.xml ; Ngati Ruanui-1.xml ; Ngati Ruanui-2.xml ; Ngati Ruanui-3.xml ; Ngati Ruanui-4.xml ; Ngati Ruanui-converted.xml
Path : \TheSettledLandscapeXML\Gardens
Private gardens-1.xml ; Private gardens-2.xml ; Private gardens-3.xml ; Private gardens-4.xml ; Private gardens-5.xml ; Private gardens-6.xml ; Private gardens.xml
Path : \TheBushXML\EvolutionOfPlantsAndAnimals
Evolution of plants and animals-1.xml ; Evolution of plants and animals-2.xml ; Evolution of plants and animals-3.xml ; Evolution of plants and animals-4.xml ; Evolution of plants and animals-5.xml ; Evolution of plants and animals-6.xml ; Evolution of plants and animals-7.xml ; Evolution of plants and animals.xml
Path : \TheBushXML\Glow worms
Glow worms-1.xml ; Glow worms-2.xml ; Glow worms.xml
Path : \EarthSeaSkyXML\Te Hi Ika - Fishing
Te hi ika - fishing-1.xml ; Te hi ika - fishing-2.xml ; Te hi ika - fishing-3.xml ; Te hi ika - fishing-4.xml ; Te hi ika - fishing-5.xml ; Te hi ika - fishing-6.xml ; Te hi ika - fishing-maori.xml ; Te hi ika - fishing.xml
Path : \TheBushXML\Moa
Moa-1.xml ; Moa-2.xml ; Moa-3.xml ; Moa-4.xml ; Moa.xml
Path : \TheSettledLandscapeXML\Farm buildings
Farm buildings-1.xml ; Farm buildings-2.xml ; Farm buildings-3.xml ; Farm buildings-4.xml ; Farm buildings-5.xml ; Farm buildings-6.xml ; Farm buildings.xml
Path : \MaoriNZersxml\Maori creation traditions
Maori creation traditions-1.xml ; Maori creation traditions-2.xml ; Maori creation traditions-3.xml ; maori creation traditions-converted.xml ; Maori creation traditions-maori-converted.xml
Path : \EarthSeaSkyXML\Rock, Limestone and Clay
Rock, limestone and clay-1.xml ; Rock, limestone and clay-10.xml ; Rock, limestone and clay-2.xml ; Rock, limestone and clay-3.xml ; Rock, limestone and clay-4.xml ; Rock, limestone and clay-5.xml ; Rock, limestone and clay-6.xml ; Rock, limestone and clay-7.xml ; Rock, limestone and clay-8.xml ; Rock, limestone and clay-9.xml ; Rock, limestone and clay.xml
Path : \EarthSeaSkyXML\MaramatakaTheLunarCalendar
Maramataka - the lunar calendar-1.xml ; Maramataka - the lunar calendar-2.xml ; Maramataka - the lunar calendar-3.xml ; Maramataka - the lunar calendar-maori.xml ; Maramataka - the lunar calendar.xml
Path : \TheSettledLandscapeXML\Agricultural and horticultural research
Agricultural and horticultural research-1.xml ; Agricultural and horticultural research-2.xml ; Agricultural and horticultural research-3.xml ; Agricultural and horticultural research-4.xml ; Agricultural and horticultural research-5.xml ; Agricultural and horticultural research-6.xml ; Agricultural and horticultural research-7.xml ; Agricultural and horticultural research-8.xml ; Agricultural and horticultural research-9.xml ; Agricultural and horticultural research.xml
Path : \TheBushXML\Glaciers
Glaciers and glaciation-1.xml ; Glaciers and glaciation-2.xml ; Glaciers and glaciation-3.xml ; Glaciers and glaciation-4.xml ; Glaciers and glaciation-5.xml ; Glaciers and glaciation.xml
Path : \EarthSeaSkyXML\Coastal Erosion
Coastal erosion-1.xml ; Coastal erosion-2.xml ; Coastal erosion-3.xml ; Coastal erosion.xml
Path : \EarthSeaSkyXML\Astronomy
Astronomy-1.xml ; Astronomy-2.xml ; Astronomy-3.xml ; Astronomy-4.xml ; Astronomy.xml
Path : \EarthSeaSkyXML\Plankton
Plankton-1.xml ; Plankton-2.xml ; Plankton-3.xml ; Plankton.xml
Path : \NZPeoplesxml\Welsh
Welsh-1.xml ; Welsh-2.xml ; welsh-converted.xml
Path : \EarthSeaSkyXML\Geothermal Exploration
Geothermal energy-1.xml ; Geothermal energy-2.xml ; Geothermal energy-3.xml ; Geothermal energy-4.xml ; Geothermal energy-5.xml ; Geothermal energy.xml
Path : \TheSettledLandscapeXML\Farmer and grower organisations
Farmer and grower organisations-1.xml ; Farmer and grower organisations-2.xml ; Farmer and grower organisations-3.xml ; Farmer and grower organisations-4.xml ; Farmer and grower organisations-5.xml ; Farmer and grower organisations-6.xml ; Farmer and grower organisations.xml
Path : \TheBushXML\Southern Beech Forest
Southern beech forest-1.xml ; Southern beech forest-2.xml ; Southern beech forest-3.xml ; Southern beech forest-4.xml ; Southern beech forest-5.xml ; Southern beech forest.xml
Path : \TheBushXML\Larger Forest Birds
Larger forest birds-1.xml ; Larger forest birds-2.xml ; Larger forest birds-3.xml ; Larger forest birds-4.xml ; Larger forest birds-5.xml ; Larger forest birds-6.xml ; Larger forest birds-7.xml ; Larger forest birds.xml
Path : \EarthSeaSkyXML\Historic Volcanic Activity
Historic volcanic activity-1.xml ; Historic volcanic activity-2.xml ; Historic volcanic activity-3.xml ; Historic volcanic activity-4.xml ; Historic volcanic activity-5.xml ; Historic volcanic activity-6.xml ; Historic volcanic activity-7.xml ; Historic volcanic activity.xml
Path : \EarthSeaSkyXML\Life in hot springs
Life in hot springs-1.xml ; Life in hot springs-2.xml ; Life in hot springs-3.xml ; Life in hot springs-4.xml ; Life in hot springs.xml
Path : \TheBushXML\Kiwi
Kiwi-1.xml ; Kiwi-2.xml ; Kiwi-3.xml ; Kiwi-4.xml ; Kiwi-5.xml ; Kiwi.xml
Path : \TheSettledLandscapeXML\Nga tupu mai i Hawaiki
Nga tupu mai i Hawaiki - plants from afar-1.xml ; Nga tupu mai i Hawaiki - plants from afar-2.xml ; Nga tupu mai i Hawaiki - plants from afar-3.xml ; Nga tupu mai i Hawaiki - plants from afar-maori.xml ; Nga tupu mai i Hawaiki - plants from afar.xml
Path : \TheSettledLandscapeXML\Rural tourism
Rural tourism-1.xml ; Rural tourism-2.xml ; Rural tourism-3.xml ; Rural tourism.xml
Path : \EarthSeaSkyXML\Estuaries
Estuaries-1.xml ; Estuaries-2.xml ; Estuaries-3.xml ; Estuaries-4.xml ; Estuaries-5.xml ; Estuaries-6.xml ; Estuaries.xml
Path : \TheSettledLandscapeXML\Shelter on farms
Farm shelter-1.xml ; Farm shelter-2.xml ; Farm shelter-3.xml ; Farm shelter-4.xml ; Farm shelter-5.xml ; Farm shelter.xml
Path : \TheSettledLandscapeXML\TEST
Test-1.xml ; Test.xml
Path : \MaoriNZersxml\When Was NZ First Settled
When was New Zealand first settled Maori.xml ; When was New Zealand first settled-1.xml ; When was New Zealand first settled-2.xml ; When was New Zealand first settled-3.xml ; When was New Zealand first settled-4.xml ; When was New Zealand first settled-5.xml ; When was New Zealand first settled-6.xml ; When was New Zealand first settled-7.xml ; whenwasnewzealandfirstsettled-converted.xml
Path : \NZPeoplesxml\Fijians
Fijians-1.xml ; Fijians-2.xml ; Fijians-3.xml ; Fijians-4.xml ; Fijians-5.xml ; fijians-converted.xml
Path : \TheSettledLandscapeXML\Country towns
Country towns-1.xml ; Country towns-2.xml ; Country towns-3.xml ; Country towns-4.xml ; Country towns-5.xml ; Country towns-6.xml ; Country towns-7.xml ; Country towns.xml
Path : \EarthSeaSkyXML\Aquaculture
Aquaculture-1.xml ; Aquaculture-2.xml ; Aquaculture-3.xml ; Aquaculture-4.xml ; Aquaculture-5.xml ; Aquaculture.xml
Path : \PlacesXML\VolcanicPlateau
Volcanic Plateau - entry.xml ; Volcanic Plateau - places.xml
Path : \TheBushXML\Mountains
Mountains-1.xml ; Mountains-2.xml ; Mountains-3.xml ; Mountains-4.xml ; Mountains-5.xml ; Mountains-6.xml ; Mountains.xml
Path : \EarthSeaSkyXML\Marine Invaders
Marine invaders-1.xml ; Marine invaders-2.xml ; Marine invaders-3.xml ; Marine invaders-4.xml ; Marine invaders-5.xml ; Marine invaders.xml
Path : \EarthSeaSkyXML\Geology
Geology-1.xml ; Geology-10.xml ; Geology-11.xml ; Geology-2.xml ; Geology-3.xml ; Geology-4.xml ; Geology-5.xml ; Geology-6.xml ; Geology-7.xml ; Geology-8.xml ; Geology-9.xml ; Geology.xml
Path : \EarthSeaSkyXML\Seaweed
Seaweed-1.xml ; Seaweed-2.xml ; Seaweed-3.xml ; Seaweed-4.xml ; Seaweed-5.xml ; Seaweed.xml
Path : \TheBushXML\Soil investigation
Soil investigation-1.xml ; Soil investigation-2.xml ; Soil investigation-3.xml ; Soil investigation-4.xml ; Soil investigation-5.xml ; Soil investigation.xml
Path : \NZPeoplesxml\Greeks
Greeks (the Hellenic community)-1.xml ; Greeks (the Hellenic community)-2.xml ; greeks-converted.xml
Path : \EarthSeaSkyXML\Bird Migration
Bird migration-1.xml ; Bird migration-2.xml ; Bird migration-3.xml ; Bird migration-4.xml ; Bird migration-5.xml ; Bird migration-6.xml ; Bird migration-7.xml ; Bird migration.xml
Path : \TheSettledLandscapeXML\Take whenua
Take whenua - Maori land tenure-1.xml ; Take whenua - Maori land tenure-2.xml ; Take whenua - Maori land tenure-3.xml ; Take whenua - Maori land tenure-4.xml ; Take whenua - Maori land tenure-maori.xml ; Take whenua - Maori land tenure.xml
Path : \MaoriNZersxml\Nga Puhi
Nga Puhi-1.xml ; Nga Puhi-2.xml ; Nga Puhi-3.xml ; Nga Puhi-4.xml ; Nga Puhi-5.xml ; Nga Puhi-6.xml ; ngapuhi-converted.xml ; ngapuhimaori-converted.xml
Path : \EarthSeaSkyXML\Shipwrecks
Shipwrecks-1.xml ; Shipwrecks-2.xml ; Shipwrecks-3.xml ; Shipwrecks-4.xml ; Shipwrecks-5.xml ; Shipwrecks-6.xml ; Shipwrecks-7.xml ; Shipwrecks.xml
Path : \TheBushXML\Introduced Animal Pests
Introduced animal pests of the bush-1.xml ; Introduced animal pests of the bush-2.xml ; Introduced animal pests of the bush-3.xml ; Introduced animal pests of the bush-4.xml ; Introduced animal pests of the bush-5.xml ; Introduced animal pests of the bush.xml
Path : \EarthSeaSkyXML\Geological exploration
Geological Exploration-1.xml ; Geological Exploration-2.xml ; Geological Exploration-3.xml ; Geological Exploration-4.xml ; Geological Exploration-5.xml ; Geological Exploration-6.xml ; Geological exploration.xml
Path : \TheSettledLandscapeXML\Trees in the rural landscape
Trees in the rural landscape-1.xml ; Trees in the rural landscape-2.xml ; Trees in the rural landscape-3.xml ; Trees in the rural landscape-4.xml ; Trees in the rural landscape-5.xml ; Trees in the rural landscape-6.xml ; Trees in the rural landscape-7.xml ; Trees in the rural landscape.xml
Path : \MaoriNZersxml\Te Atiawa Ki Taranaki
Te Ati Awa (Taranaki) Maori-converted.xml ; Te Ati Awa (Taranaki)-1.xml ; Te Ati Awa (Taranaki)-2.xml ; Te Ati Awa (Taranaki)-3.xml ; Te Ati Awa (Taranaki)-4.xml ; Te Ati Awa (Taranaki)-converted.xml
Path : \PlacesXML\Northland
Northland - entry.xml ; Northland - gazetteer.xml
Path : \TheBushXML\Weta
Weta-1.xml ; Weta-2.xml ; Weta-3.xml ; Weta.xml
Path : \EarthSeaSkyXML\Herons
Herons-1.xml ; Herons-2.xml ; Herons.xml
Path : \TheSettledLandscapeXML\Government and agriculture
Government and agriculture-1.xml ; Government and agriculture-2.xml ; Government and agriculture-3.xml ; Government and agriculture-4.xml ; Government and agriculture-5.xml ; Government and agriculture-6.xml ; Government and agriculture-7.xml ; Government and agriculture-8.xml ; Government and agriculture-9.xml ; Government and agriculture.xml
Path : \NZPeoplesxml\NorthAmericans
North Americans-1.xml ; North Americans-2.xml ; North Americans-3.xml ; northamericansB.xml
Path : \TheSettledLandscapeXML\Mushrooms and other cultivated fungi
Edible fungi-1.xml ; Edible fungi-2.xml ; Edible fungi-3.xml ; Edible fungi.xml
Path : \NZPeoplesxml\HistoryofImmigration
History of immigration-1.xml ; History of immigration-10.xml ; History of immigration-11.xml ; History of immigration-12.xml ; History of immigration-13.xml ; History of immigration-14.xml ; History of immigration-15.xml ; History of immigration-16.xml ; History of immigration-17.xml ; History of immigration-2.xml ; History of immigration-3.xml ; History of immigration-4.xml ; History of immigration-5.xml ; History of immigration-6.xml ; History of immigration-7.xml ; History of immigration-8.xml ; History of immigration-9.xml ; historyofimmigration-converted.xml
Path : \MaoriNZersxml\Taranaki Tuturu
Taranaki Tuturu-1.xml ; Taranaki Tuturu-2.xml ; Taranaki Tuturu-3.xml ; Taranaki Tuturu-4.xml ; Taranaki Tuturu-5.xml ; taranaki-converted.xml ; taranakimaori-converted.xml
Path : \NZPeoplesxml\Latin Americans
Latin Americans-1.xml ; Latin Americans-2.xml ; Latin Americans-converted.xml
Path : \EarthSeaSkyXML\TawhirimateaWeather
ENGTawhirimatea - weather-1.xml ; ENGTawhirimatea - weather-2.xml ; ENGTawhirimatea - weather-3.xml ; ENGTawhirimatea - weather-4.xml ; ENGTawhirimatea - weather-5.xml ; ENGTawhirimatea - weather-6.xml ; Tawhirimatea - weather-1.xml ; Tawhirimatea - weather-2.xml ; Tawhirimatea - weather-3.xml ; Tawhirimatea - weather-4.xml ; Tawhirimatea - weather-5.xml ; Tawhirimatea - weather-6.xml ; Tawhirimatea - weather-maori.xml ; Tawhirimatea - weather.xml
Path : \PlacesXML\Wairarapa
Wairarapa - entry.xml ; Wairarapa - gazetteer.xml
Path : \PlacesXML\WestCoast\West Coast - entry
West Coast - entry-1.xml ; West Coast - entry-10.xml ; West Coast - entry-11.xml ; West Coast - entry-12.xml ; West Coast - entry-13.xml ; West Coast - entry-14.xml ; West Coast - entry-2.xml ; West Coast - entry-3.xml ; West Coast - entry-4.xml ; West Coast - entry-5.xml ; West Coast - entry-6.xml ; West Coast - entry-7.xml ; West Coast - entry-8.xml ; West Coast - entry-9.xml
Path : \PlacesXML\Auckland
Auckland - Entry.xml ; Auckland - places.xml
Path : \TheSettledLandscapeXML\Game birds
Game birds-1.xml ; Game birds-2.xml ; Game birds-3.xml ; Game birds-4.xml ; Game birds.xml
Path : \TheBushXML\Nga Manu Birds
Nga manu-1.xml ; Nga manu-2.xml ; Nga manu-3.xml ; Nga manu-4.xml ; Nga manu-5.xml ; Nga manu-6.xml ; Nga manu-maori.xml ; Nga manu.xml
Path : \PlacesXML\VolcanicPlateau\Volcanic Plateau - Entry Captions
Volcanic Plateau - Entry-1.xml ; Volcanic Plateau - Entry-10.xml ; Volcanic Plateau - Entry-11.xml ; Volcanic Plateau - Entry-12.xml ; Volcanic Plateau - Entry-13.xml ; Volcanic Plateau - Entry-14.xml ; Volcanic Plateau - Entry-2.xml ; Volcanic Plateau - Entry-3.xml ; Volcanic Plateau - Entry-4.xml ; Volcanic Plateau - Entry-5.xml ; Volcanic Plateau - Entry-6.xml ; Volcanic Plateau - Entry-7.xml ; Volcanic Plateau - Entry-8.xml ; Volcanic Plateau - Entry-9.xml
Path : \TheBushXML\Sandflies and Mosquitoes
Mosquitos and sandflies-1.xml ; Mosquitos and sandflies-2.xml ; Mosquitos and sandflies-3.xml ; Mosquitos and sandflies.xml
Path : \MaoriNZersxml\Turanganui A Kiwa
Turanganui-a-Kiwa tribes-1.xml ; Turanganui-a-Kiwa tribes-2.xml ; Turanganui-a-Kiwa tribes-3.xml ; Turanganui-a-Kiwa tribes-4.xml ; turanganuiakiwa-converted.xml ; Turanganuiakiwamaori.xml
Path : \EarthSeaSkyXML\Kohatu - Traditional use of stone
Kohatu - traditional use of stone-1.xml ; Kohatu - traditional use of stone-2.xml ; Kohatu - traditional use of stone-3.xml ; Kohatu - traditional use of stone-maori.xml ; Kohatu - traditional use of stone.xml
Path : \TheSettledLandscapeXML\Farm families
Rural families-1.xml ; Rural families-2.xml ; Rural families-3.xml ; Rural families-4.xml ; Rural families-5.xml ; Rural families.xml
Path : \TheBushXML\CollectionsOfPlantsAndAnimals
Collections of flora & fauna-1.xml ; Collections of flora & fauna-2.xml ; Collections of flora & fauna-3.xml ; Collections of flora & fauna.xml
Path : \EarthSeaSkyXML\Tsunamis
Tsunamis-1.xml ; Tsunamis-2.xml ; Tsunamis-3.xml ; Tsunamis-4.xml ; Tsunamis-5.xml ; Tsunamis.xml
Path : \NZPeoplesxml\Tokelauans
Tokelauans-1.xml ; Tokelauans-2.xml ; Tokelauans-3.xml ; tokelauans-converted.xml
Path : \EarthSeaSkyXML\RecreationalSeaFishing
Recreational sea fishing-1.xml ; Recreational sea fishing-2.xml ; Recreational sea fishing-3.xml ; Recreational sea fishing-4.xml ; Recreational sea fishing.xml
Path : \PlacesXML\SouthCanterbury\Captions entry -  xml
South Canterbury - entry-1.xml ; South Canterbury - entry-10.xml ; South Canterbury - entry-11.xml ; South Canterbury - entry-12.xml ; South Canterbury - entry-2.xml ; South Canterbury - entry-3.xml ; South Canterbury - entry-4.xml ; South Canterbury - entry-5.xml ; South Canterbury - entry-6.xml ; South Canterbury - entry-7.xml ; South Canterbury - entry-8.xml ; South Canterbury - entry-9.xml
Path : \NZPeoplesxml\Citizenship
Citizenship-1.xml ; Citizenship-2.xml ; Citizenship-3.xml ; Citizenship-4.xml ; Citizenship-5.xml ; citizenship-converted.xml
Path : \TheSettledLandscapeXML\Rural mythologies
Rural mythology-1.xml ; Rural mythology-2.xml ; Rural mythology-3.xml ; Rural mythology-4.xml ; Rural mythology-5.xml ; Rural mythology-6.xml ; Rural mythology-7.xml ; Rural mythology.xml
Path : \NZPeoplesxml\ImmigrationRegulation
Immigration regulations-1.xml ; Immigration regulations-2.xml ; Immigration regulations-3.xml ; Immigration regulations-4.xml ; Immigration regulations-5.xml ; Immigration regulations-6.xml ; immigrationregulationB.xml
Path : \EarthSeaSkyXML\Orcas
Orcas-1.xml ; Orcas-2.xml ; Orcas.xml
Path : \TheBushXML\Peripatus
Peripatus-1.xml ; Peripatus-2.xml ; Peripatus-3.xml ; Peripatus.xml
Path : \MaoriNZersxml\First peoples in Maori tradition
First peoples in Maori tradition-1.xml ; First peoples in Maori tradition-2.xml ; First peoples in Maori tradition-3.xml ; First peoples in Maori tradition-4.xml ; First peoples in Maori tradition-5.xml ; First peoples in Maori tradition-6.xml ; First peoples in Maori tradition-7.xml ; First peoples in Maori traditionMaori-converted.xml ; firstpeoples-converted.xml
Path : \TheBushXML\Mountaineering
Mountaineering and climbing-1.xml ; Mountaineering and climbing-10.xml ; Mountaineering and climbing-11.xml ; Mountaineering and climbing-2.xml ; Mountaineering and climbing-3.xml ; Mountaineering and climbing-4.xml ; Mountaineering and climbing-5.xml ; Mountaineering and climbing-6.xml ; Mountaineering and climbing-7.xml ; Mountaineering and climbing-8.xml ; Mountaineering and climbing-9.xml ; mountaineering and climbing.xml
Path : \EarthSeaSkyXML\Sharks and sting rays
Sharks and rays-1.xml ; Sharks and rays-2.xml ; Sharks and rays-3.xml ; Sharks and rays-4.xml ; Sharks and rays-5.xml ; Sharks and rays-6.xml ; Sharks and rays-7.xml ; Sharks and rays-8.xml ; Sharks and rays.xml
Path : \TheBushXML\Early Mapping
Early mapping and maps-1.xml ; Early mapping and maps-2.xml ; Early mapping and maps-3.xml ; Early mapping and maps-4.xml ; Early mapping and maps-5.xml ; Early mapping and maps-6.xml ; Early mapping and maps.xml
Path : \EarthSeaSkyXML\Te whanau puha - whales
Te whanau puha - whales-1.xml ; Te whanau puha - whales-2.xml ; Te whanau puha - whales-3.xml ; Te whanau puha - whales-4.xml ; Te whanau puha - whales-maori.xml ; Te whanau puha - whales.xml
Path : \TheSettledLandscapeXML
TESTentry.xml
Path : \TheSettledLandscapeXML\Freshwater fishing
Freshwater fishing-1.xml ; Freshwater fishing-2.xml ; Freshwater fishing-3.xml ; Freshwater fishing-4.xml ; freshwater fishing.xml
Path : \PlacesXML\SouthCanterbury
South Canterbury - entry.xml ; South Canterbury - gazetteer.xml
Path : \TheBushXML\Fungi
Fungi-1.xml ; Fungi-2.xml ; Fungi-3.xml ; Fungi-4.xml ; Fungi-5.xml ; Fungi.xml
Path : \PlacesXML\Southland\Southland entry captions
Southland - entry-1.xml ; Southland - entry-10.xml ; Southland - entry-11.xml ; Southland - entry-12.xml ; Southland - entry-13.xml ; Southland - entry-2.xml ; Southland - entry-3.xml ; Southland - entry-4.xml ; Southland - entry-5.xml ; Southland - entry-6.xml ; Southland - entry-7.xml ; Southland - entry-8.xml ; Southland - entry-9.xml
Path : \TheSettledLandscapeXML\Irrigation and drainage
Irrigation and drainage-1.xml ; Irrigation and drainage-2.xml ; Irrigation and drainage-3.xml ; Irrigation and drainage-4.xml ; Irrigation and drainage-5.xml ; Irrigation and drainage-6.xml ; Irrigation and drainage-7.xml ; Irrigation and drainage.xml
Path : \TheSettledLandscapeXML\Farming and the environment
Farming and the environment-1.xml ; Farming and the environment-2.xml ; Farming and the environment-3.xml ; Farming and the environment-4.xml ; Farming and the environment-5.xml ; Farming and the environment-6.xml ; Farming and the environment-7.xml ; Farming and the environment-8.xml ; Farming and the environment.xml
Path : \TheSettledLandscapeXML\Kiwifruit
Kiwifruit production-1.xml ; Kiwifruit production-2.xml ; Kiwifruit production-3.xml ; Kiwifruit production-4.xml ; Kiwifruit production-5.xml ; Kiwifruit production-6.xml ; Kiwifruit production.xml
Path : \NZPeoplesxml\Scots
Scots-1.xml ; Scots-10.xml ; Scots-11.xml ; Scots-2.xml ; Scots-3.xml ; Scots-4.xml ; Scots-5.xml ; Scots-6.xml ; Scots-7.xml ; Scots-8.xml ; Scots-9.xml ; scots-converted.xml
Path : \MaoriNZersxml\Hauraki Tribes
Hauraki tribes-1.xml ; Hauraki tribes-2.xml ; Hauraki tribes-3.xml ; Hauraki Tribes-converted.xml ; haurakitribesmaori-converted.xml
Path : \NZPeoplesxml\Samoans
Samoans-1.xml ; Samoans-2.xml ; Samoans-3.xml ; Samoans-4.xml ; Samoans-5.xml ; samoans-converted.xml
Path : \MaoriNZersxml\Te Whanau A Apanui
Te Whanau-a-Apanui-1.xml ; Te Whanau-a-Apanui-2.xml ; Te Whanau-a-Apanui-3.xml ; Te Whanau-a-Apanui-4.xml ; tewhanauaapanui-converted.xml ; tewhanauaapanui-maori-converted.xml
Path : \TheSettledLandscapeXML\Radiata pine
Pinus radiata-1.xml ; Pinus radiata-2.xml ; Pinus radiata-3.xml ; Pinus radiata-4.xml ; Pinus radiata-5.xml ; Pinus radiata-6.xml ; Pinus radiata-7.xml ; Pinus radiata.xml
Path : \EarthSeaSkyXML\Deep Sea Floor
Deep-sea creatures-1.xml ; Deep-sea creatures-2.xml ; Deep-sea creatures-3.xml ; Deep-sea creatures-4.xml ; Deep-sea creatures-5.xml ; Deep-sea creatures.xml
Path : \TheBushXML\Walking Tracks
Walking tracks-1.xml ; Walking tracks-2.xml ; Walking tracks-3.xml ; Walking tracks-4.xml ; walking tracks.xml
Path : \TheBushXML\KoreroTaiaoSayingsFromNature
Korero taiao - sayings from nature-1.xml ; Korero taiao - sayings from nature-2.xml ; Korero taiao - sayings from nature-maori.xml ; Korero taiao - sayings from nature.xml
Path : \TheBushXML\TeWaonuiATaneForestMythology
Te Waonui a Tane-1.xml ; Te Waonui a Tane-2.xml ; Te Waonui a Tane-3.xml ; Te Waonui a Tane-4.xml ; Te Waonui a Tane-5.xml ; te waonui a Tane-maori.xml ; te waonui a Tane.xml
Path : \NZPeoplesxml\SouthAfricans
South Africans-1.xml ; South Africans-2.xml ; South Africans-3.xml ; South Africans-converted.xml
Path : \PlacesXML\VolcanicPlateau\Volcanic plateau - Places
Volcanic plateau - Places-1.xml ; Volcanic plateau - Places-10.xml ; Volcanic plateau - Places-11.xml ; Volcanic plateau - Places-12.xml ; Volcanic plateau - Places-13.xml ; Volcanic plateau - Places-14.xml ; Volcanic plateau - Places-15.xml ; Volcanic plateau - Places-2.xml ; Volcanic plateau - Places-3.xml ; Volcanic plateau - Places-4.xml ; Volcanic plateau - Places-5.xml ; Volcanic plateau - Places-6.xml ; Volcanic plateau - Places-7.xml ; Volcanic plateau - Places-8.xml ; Volcanic plateau - Places-9.xml
Path : \EarthSeaSkyXML\Air Crashes
Air Crashes-1.xml ; Air Crashes-2.xml ; Air Crashes-3.xml ; Air Crashes-4.xml ; Air Crashes-5.xml ; Air crashes.xml
Path : \TheSettledLandscapeXML\Kuri
Kuri - Polynesian dogs-1.xml ; Kuri - Polynesian dogs-2.xml ; Kuri - Polynesian dogs-3.xml ; Kuri - Polynesian dogs-maori.xml ; Kuri - Polynesian dogs.xml
Path : \PlacesXML\Wellington\Captions gazetteer - xml
Wellington - gazetteer-1.xml ; Wellington - gazetteer-10.xml ; Wellington - gazetteer-11.xml ; Wellington - gazetteer-12.xml ; Wellington - gazetteer-13.xml ; Wellington - gazetteer-14.xml ; Wellington - gazetteer-15.xml ; Wellington - gazetteer-16.xml ; Wellington - gazetteer-17.xml ; Wellington - gazetteer-2.xml ; Wellington - gazetteer-3.xml ; Wellington - gazetteer-4.xml ; Wellington - gazetteer-5.xml ; Wellington - gazetteer-6.xml ; Wellington - gazetteer-7.xml ; Wellington - gazetteer-8.xml ; Wellington - gazetteer-9.xml
Path : \PlacesXML\Canterbury
Canterbury - entry.xml ; Canterbury - gazetteer.xml
Path : \EarthSeaSkyXML\Thermal Pools and spas
Thermal pools and spas-1.xml ; Thermal pools and spas-2.xml ; Thermal pools and spas-3.xml ; Thermal pools and spas-4.xml ; Thermal pools and spas-5.xml ; Thermal pools and spas.xml
Path : \EarthSeaSkyXML\Historic Earthquakes
Historic earthquakes-1.xml ; Historic earthquakes-10.xml ; Historic earthquakes-11.xml ; Historic earthquakes-12.xml ; Historic earthquakes-2.xml ; Historic earthquakes-3.xml ; Historic earthquakes-4.xml ; Historic earthquakes-5.xml ; Historic earthquakes-6.xml ; Historic earthquakes-8.xml ; Historic earthquakes-9.xml ; Historic earthquakes.xml ; Historic earthquakesCC-7.xml
Path : \NZPeoplesxml\Hungarians
Hungarians-1(6.0).xml ; Hungarians-2(8.0).xml ; Hungarians-3(7.0).xml ; Hungarians-converted(8.0).xml
Path : \NZPeoplesxml\Africans
Africans-1.xml ; Africans-2.xml ; Africans-3.xml ; Africans-converted.xml
Path : \PlacesXML\Wanganui\Wanganui entry captions
Wanganui - entry-1.xml ; Wanganui - entry-10.xml ; Wanganui - entry-11.xml ; Wanganui - entry-12.xml ; Wanganui - entry-13.xml ; Wanganui - entry-14.xml ; Wanganui - entry-2.xml ; Wanganui - entry-3.xml ; Wanganui - entry-4.xml ; Wanganui - entry-5.xml ; Wanganui - entry-6.xml ; Wanganui - entry-7.xml ; Wanganui - entry-8.xml ; Wanganui - entry-9.xml
Path : \EarthSeaSkyXML\Fossils
Fossils-1.xml ; Fossils-2.xml ; Fossils-3.xml ; Fossils-4.xml ; Fossils-5.xml ; Fossils-6.xml ; Fossils-7.xml ; Fossils-8.xml ; Fossils.xml
Path : \EarthSeaSkyXML\Sea floor
Sea floor-1.xml ; Sea floor-2.xml ; Sea floor-3.xml ; Sea floor-4.xml ; Sea floor-5.xml ; Sea floor-6.xml ; Sea floor-7.xml ; Sea floor-8.xml ; Sea floor.xml
Path : \NZPeoplesxml\Dalmatians
Dalmatians-1.xml ; Dalmatians-2.xml ; Dalmatians-3.xml ; Dalmatians-4.xml ; Dalmatians-5.xml ; Dalmatians-6.xml ; Dalmatians-converted.xml
Path : \TheBushXML\TeHopuTunaEeling
Te Hopu Tuna-1.xml ; Te Hopu Tuna-2.xml ; Te Hopu Tuna-3.xml ; Te Hopu Tuna-4.xml ; Te Hopu Tuna-5.xml ; Te Hopu Tuna-6.xml ; Te Hopu Tuna-7.xml ; Te Hopu Tuna-8.xml ; Te hopu tuna-9.xml ; Te hopu tuna-maori.xml ; Te hopu tuna.xml
Path : \TheBushXML\Birds of prey
Birds of prey-1.xml ; Birds of prey-2.xml ; Birds of prey-3.xml ; Birds of prey-4.xml ; Birds of prey.xml
Path : \MaoriNZersxml\Te Tau Ihu
Te Tau Ihu-1.xml ; Te Tau Ihu-2.xml ; Te Tau Ihu-3.xml ; Te Tau Ihu-4.xml ; Te Tau Ihu-5.xml ; Te Tau Ihu-6.xml ; Te Tau Ihu-converted.xml ; Te Tau Ihu-maori-converted.xml
Path : \NZPeoplesxml\English
English-1.xml ; English-10.xml ; English-11(11.0).xml ; English-12(12.0).xml ; English-13.xml ; English-2.xml ; English-3.xml ; English-4.xml ; English-5.xml ; English-6.xml ; English-7.xml ; English-8.xml ; English-9.xml ; english-converted.xml
Path : \TheSettledLandscapeXML\Farm dogs
Farm dogs-1.xml ; Farm dogs-2.xml ; Farm dogs-3.xml ; Farm dogs-4.xml ; Farm dogs-5.xml ; Farm dogs-6.xml ; Farm dogs.xml
Path : \TheBushXML\Conifers
Conifers-1.xml ; Conifers-2.xml ; Conifers-3.xml ; Conifers-4.xml ; Conifers-5.xml ; Conifers-6.xml ; Conifers-7.xml ; Conifers.xml
Path : \MaoriNZersxml\Canoe Traditions
Canoe traditions-1.xml ; Canoe traditions-2.xml ; Canoe traditions-3.xml ; Canoe traditions-4.xml ; Canoe traditions-5.xml ; Canoe traditions-6.xml ; Canoe traditions-7.xml ; Canoe traditions-8.xml ; Canoe traditions-converted.xml ; Canoe traditionsmaori-converted.xml
Path : \EarthSeaSkyXML\Natural hazards
Natural hazards-1.xml ; Natural hazards-2.xml ; Natural hazards-3.xml ; Natural hazards.xml
Path : \MaoriNZersxml\Ngati Apa
Ngati Apa-1.xml ; Ngati Apa-2.xml ; Ngati Apa-3.xml ; Ngati Apa-4.xml ; ngatiapa-converted.xml ; ngatiapamaori-converted.xml
Path : \TheSettledLandscapeXML\Oneone - soils
Oneone - soils-1.xml ; Oneone - soils-2.xml ; Oneone - soils.xml
Path : \EarthSeaSkyXML\Earthquakes
Earthquakes-1.xml ; Earthquakes-2.xml ; Earthquakes-3.xml ; Earthquakes-4.xml ; Earthquakes.xml
Path : \TheSettledLandscapeXML\Viticulture
Viticulture-1.xml ; Viticulture-2.xml ; Viticulture-3.xml ; Viticulture-4.xml ; Viticulture-5.xml ; Viticulture.xml
Path : \EarthSeaSkyXML\MarineAnimalsWithoutBackbones
Marine animals without backbones-1.xml ; Marine animals without backbones-2.xml ; Marine animals without backbones-3.xml ; Marine animals without backbones-4.xml ; Marine animals without backbones-5.xml ; Marine animals without backbones-6.xml ; Marine animals without backbones-7.xml ; Marine animals without backbones.xml
Path : \TheBushXML\Birds of open country
Birds of open country and mountains-1.xml ; Birds of open country and mountains-2.xml ; Birds of open country and mountains-3.xml ; Birds of open country and mountains-4.xml ; Birds of open country and mountains-5.xml ; Birds of open country and mountains-6.xml ; Birds of open country and mountains.xml
Path : \TheBushXML\Butterflies and moths
Butterflies & moths-1.xml ; Butterflies & moths-2.xml ; Butterflies & moths-3.xml ; Butterflies & moths-4.xml ; butterflies & moths.xml
Path : \TheBushXML\PerceptionsOfTheNewZealandLandscape
Perceptions of the New Zealand landscape-1.xml ; Perceptions of the New Zealand landscape-2.xml ; Perceptions of the New Zealand landscape-3.xml ; Perceptions of the New Zealand landscape-4.xml ; Perceptions of the New Zealand landscape-5.xml ; Perceptions of the New Zealand landscape-6.xml ; Perceptions of the New Zealand landscape-7.xml ; Perceptions of the New Zealand landscape.xml
Path : \TheBushXML\Beetles
Beetles-1.xml ; Beetles-2.xml ; Beetles-3.xml ; Beetles-4.xml ; Beetles-5.xml ; Beetles.xml
Path : \NZPeoplesxml\CentralSouthernEuropeans
Central and South-eastern Europeans-1.xml ; Central and South-eastern Europeans-2.xml ; Central and South-eastern Europeans-3.xml ; Central and South-eastern Europeans-4.xml ; centralandsouth-easterneuropeans-converted.xml
Path : \EarthSeaSkyXML\HotSpringsMudPoolsAndGeysers
Hot springs, mud pools and geysers-1.xml ; Hot springs, mud pools and geysers-2.xml ; Hot springs, mud pools and geysers-3.xml ; Hot springs, mud pools and geysers-4.xml ; Hot springs, mud pools and geysers-5.xml ; Hot springs, mud pools and geysers-6.xml ; Hot springs, mud pools and geysers.xml
Path : \TheSettledLandscapeXML\Public gardens
Public parks and gardens-1.xml ; Public parks and gardens-2.xml ; Public parks and gardens-3.xml ; Public parks and gardens-4.xml ; Public parks and gardens.xml
Path : \EarthSeaSkyXML\Gannets and Boobies
Gannets and boobies-1.xml ; Gannets and boobies-2.xml ; Gannets and boobies-3.xml ; Gannets and boobies.xml
Path : \NZPeoplesxml\French
French-1.xml ; French-2.xml ; French-3.xml ; French-converted.xml
Path : \TheSettledLandscapeXML\Farming in the economy
Primary production - a history-1.xml ; Primary production - a history-2.xml ; Primary production - a history-3.xml ; Primary production - a history-4.xml ; Primary production - a history-5.xml ; Primary production - a history-6.xml ; Primary production - a history-7.xml ; Primary production - a history-8.xml ; Primary production - a history-9.xml ; Primary production - a history.xml
Path : \PlacesXML\Wairarapa\Captions entry - xml
Wairarapa - entry-1.xml ; Wairarapa - entry-10.xml ; Wairarapa - entry-11.xml ; Wairarapa - entry-12.xml ; Wairarapa - entry-13.xml ; Wairarapa - entry-14.xml ; Wairarapa - entry-2.xml ; Wairarapa - entry-3.xml ; Wairarapa - entry-4.xml ; Wairarapa - entry-5.xml ; Wairarapa - entry-6.xml ; Wairarapa - entry-7.xml ; Wairarapa - entry-8.xml ; Wairarapa - entry-9.xml
Path : \MaoriNZersxml\Waikato
Waikato-1.xml ; Waikato-2.xml ; Waikato-3.xml ; Waikato-4.xml ; Waikato-5.xml ; Waikato-6.xml ; waikato-converted.xml ; waikatomaori-converted.xml
Path : \TheBushXML\Ants
Ants-1.xml ; Ants-2.xml ; Ants-3.xml ; Ants.xml
Path : \TheBushXML\Limestone Country
Limestone country-1.xml ; Limestone country-2.xml ; Limestone country-3.xml ; Limestone country-4.xml ; Limestone country-5.xml ; Limestone country.xml
Path : \EarthSeaSkyXML\Southern Cross
Southern Cross-1.xml ; Southern Cross-2.xml ; Southern Cross-3.xml ; Southern Cross.xml
Path : \TheSettledLandscapeXML\Farm mechanisation
Farm Mechanisation-1.xml ; Farm Mechanisation-2.xml ; Farm Mechanisation-3.xml ; Farm Mechanisation-4.xml ; Farm Mechanisation-5.xml ; Farm Mechanisation-6.xml ; Farm Mechanisation.xml
Path : \TheSettledLandscapeXML\Coarse fish
Coarse fish-1.xml ; Coarse fish-2.xml ; Coarse fish-3.xml ; Coarse fish.xml
Path : \EarthSeaSkyXML\Magnetic Field
Magnetic field-1.xml ; Magnetic field-2.xml ; Magnetic field.xml
Path : \EarthSeaSkyXML\CoastalFish
Reef & estuarine fish-1.xml ; Reef & estuarine fish-2.xml ; Reef & estuarine fish-3.xml ; Reef & estuarine fish-4.xml ; Reef & estuarine fish-5.xml ; Reef & estuarine fish-6.xml ; Reef & estuarine fish-7.xml ; reef & estuarine fish.xml
Path : \NZPeoplesxml\Germans
Germans-1.xml ; Germans-2.xml ; Germans-3.xml ; Germans-4.xml ; Germans-5.xml ; Germans-converted.xml
Path : \PlacesXML\Auckland\Auckland - Entry captions
Auckland - Entry-1.xml ; Auckland - Entry-10.xml ; Auckland - Entry-11.xml ; Auckland - Entry-12.xml ; Auckland - Entry-13.xml ; Auckland - Entry-14.xml ; Auckland - Entry-15.xml ; Auckland - Entry-2.xml ; Auckland - Entry-3.xml ; Auckland - Entry-4.xml ; Auckland - Entry-5.xml ; Auckland - Entry-6.xml ; Auckland - Entry-7.xml ; Auckland - Entry-8.xml ; Auckland - Entry-9.xml
Path : \TheSettledLandscapeXML\Weeds of agriculture
Weeds-1.xml ; Weeds-2.xml ; Weeds-3.xml ; Weeds-4.xml ; Weeds-5.xml ; Weeds-6.xml ; Weeds.xml
Path : \EarthSeaSkyXML\Gulls, Skuas and Terns
Gulls, skuas & terns-1.xml ; Gulls, skuas & terns-2.xml ; Gulls, skuas & terns-3.xml ; Gulls, skuas & terns-4.xml ; Gulls, skuas & terns-5.xml ; Gulls, skuas & terns-6.xml ; Gulls, skuas & terns-7.xml ; gulls, skuas & terns.xml
Path : \TheSettledLandscapeXML\Fertiliser industry
Fertiliser Industry-1.xml ; Fertiliser Industry-2.xml ; Fertiliser Industry-3.xml ; Fertiliser Industry-4.xml ; Fertiliser Industry-5.xml ; Fertiliser Industry.xml
Path : \EarthSeaSkyXML\Penguins
Penguins-1.xml ; Penguins-2.xml ; Penguins-3.xml ; Penguins-4.xml ; Penguins-5.xml ; Penguins-6.xml ; Penguins-7.xml ; Penguins-8.xml ; Penguins.xml
Path : \TheSettledLandscapeXML\Wine
Wine-1.xml ; Wine-2.xml ; Wine-3.xml ; Wine-4.xml ; Wine-5.xml ; Wine-6.xml ; Wine-7.xml ; Wine.xml
Path : \EarthSeaSkyXML\Dolphins
Dolphins-1.xml ; Dolphins-2.xml ; Dolphins-3.xml ; Dolphins-4.xml ; Dolphins-5.xml ; Dolphins-6.xml ; Dolphins.xml
Path : \EarthSeaSkyXML\Lighthouses
Lighthouses-1.xml ; Lighthouses-2.xml ; Lighthouses-3.xml ; Lighthouses-4.xml ; Lighthouses-5.xml ; Lighthouses.xml
Path : \MaoriNZersxml\Ngai Tahu
Ngai Tahu-1.xml ; Ngai Tahu-2.xml ; Ngai Tahu-3.xml ; Ngai Tahu-4.xml ; Ngai Tahu-5.xml ; Ngai Tahu-6.xml ; Ngai Tahu-7.xml ; Ngai Tahu-8.xml ; Ngai Tahu-9.xml ; ngaitahu-converted.xml ; ngaitahumaori-converted.xml
Path : \NZPeoplesxml\Niueans
Niueans-1.xml ; Niueans-2(6.0).xml ; Niueans-converted.xml
Path : \TheSettledLandscapeXML\Water resources
Water resources-1.xml ; Water resources-2.xml ; Water resources-3.xml ; Water resources-4.xml ; Water resources-5.xml ; Water resources-6.xml ; Water resources.xml
Path : \TheBushXML\KaitiakitangaGuardianshipAndConservation
Kaitiakitanga - Guardianship and conservation-1.xml ; Kaitiakitanga - Guardianship and conservation-2.xml ; Kaitiakitanga - Guardianship and conservation-3.xml ; Kaitiakitanga - Guardianship and conservation-4.xml ; Kaitiakitanga - Guardianship and conservation-5.xml ; Kaitiakitanga - Guardianship and conservation-6.xml ; Kaitiakitanga - Guardianship and conservation-7.xml ; Kaitiakitanga - guardianship and conservation-maori.xml ; Kaitiakitanga - guardianship and conservation.xml
Path : \EarthSeaSkyXML\Beachcombing
Beachcombing-1.xml ; Beachcombing-2.xml ; Beachcombing-3.xml ; Beachcombing-4.xml ; Beachcombing.xml
Path : \EarthSeaSkyXML\Yachting
Sailing-1.xml ; Sailing-2.xml ; Sailing-3.xml ; Sailing-4.xml ; Sailing-5.xml ; Sailing-6.xml ; Sailing-7.xml ; Sailing-8.xml ; Sailing.xml
Path : \TheBushXML\Forest succession and regeneration
Forest succession and regeneration-1.xml ; Forest succession and regeneration-2.xml ; Forest succession and regeneration-3.xml ; Forest succession and regeneration-4.xml ; Forest succession and regeneration-5.xml ; Forest succession and regeneration.xml
Path : \TheBushXML\Spiders
Spiders-1.xml ; Spiders-2.xml ; Spiders-3.xml ; Spiders-4.xml ; Spiders-5.xml ; Spiders-6.xml ; Spiders.xml
Path : \PlacesXML\Northland\Captions (Northland entry) - xml
Northland - entry-1.xml ; Northland - entry-10.xml ; Northland - entry-11.xml ; Northland - entry-12.xml ; Northland - entry-13.xml ; Northland - entry-14.xml ; Northland - entry-15.xml ; Northland - entry-2.xml ; Northland - entry-3.xml ; Northland - entry-4.xml ; Northland - entry-5.xml ; Northland - entry-6.xml ; Northland - entry-7.xml ; Northland - entry-8.xml ; Northland - entry-9.xml
Path : \TheBushXML\National Parks
National Parks-1.xml ; National Parks-2.xml ; National Parks-3.xml ; National Parks-4.xml ; National Parks-5.xml ; National Parks-6.xml ; National Parks-7.xml ; National Parks-8.xml ; National parks.xml
Path : \MaoriNZersxml\Hawaiki
Hawaiki(Maori)-converted.xml ; Hawaiki-1.xml ; Hawaiki-2.xml ; Hawaiki-3.xml ; Hawaiki-4.xml ; Hawaiki-converted.xml
Path : \TheSettledLandscapeXML\Goats
Goats-1.xml ; Goats-2.xml ; Goats-3.xml ; Goats-4.xml ; Goats-5.xml ; Goats-6.xml ; Goats.xml
Path : \TheBushXML\RongoaTraditionalUseOfPlants
Rongoa-1.xml ; Rongoa-2.xml ; Rongoa-3.xml ; Rongoa-4.xml ; Rongoa-5.xml ; Rongoa-6.xml ; Rongoa-maori.xml ; Rongoa.xml
Path : \EarthSeaSkyXML\Active Faults
Active faults-1.xml ; Active faults-2.xml ; Active faults-3.xml ; Active faults.xml
Path : \TheBushXML\Mosses
Mosses-1.xml ; Mosses-2.xml ; Mosses.xml
Path : \EarthSeaSkyXML\Radioactive Materials
Radioactive minerals-1.xml ; Radioactive minerals-2.xml ; Radioactive minerals-3.xml ; Radioactive minerals.xml
Path : \TheBushXML\Flax
Flax and flax working-1.xml ; Flax and flax working-2.xml ; Flax and flax working-3.xml ; Flax and flax working-4.xml ; Flax and flax working-5.xml ; Flax and flax working.xml
Path : \TheSettledLandscapeXML\Topdressing
Ground and aerial topdressing-1.xml ; Ground and aerial topdressing-2.xml ; Ground and aerial topdressing-3.xml ; Ground and aerial topdressing-4.xml ; Ground and aerial topdressing-5.xml ; Ground and aerial topdressing-6.xml ; Ground and aerial topdressing-7.xml ; Ground and aerial topdressing.xml
Path : \TheBushXML\Soils
Soils-1.xml ; Soils-2.xml ; Soils-3.xml ; Soils-4.xml ; Soils-5.xml ; Soils-6.xml ; Soils-7.xml ; Soils-8.xml ; Soils-9.xml ; Soils.xml
Path : \TheBushXML\Wetland Birds
Wetland birds-1.xml ; Wetland birds-10.xml ; Wetland birds-11.xml ; Wetland birds-2.xml ; Wetland birds-3.xml ; Wetland birds-4.xml ; Wetland birds-5.xml ; Wetland birds-6.xml ; Wetland birds-7.xml ; Wetland birds-8.xml ; Wetland birds-9.xml ; Wetland birds.xml
Path : \TheBushXML\Insects
New Zealand insect fauna-1.xml ; New Zealand insect fauna-10.xml ; New Zealand insect fauna-2.xml ; New Zealand insect fauna-3.xml ; New Zealand insect fauna-4.xml ; New Zealand insect fauna-5.xml ; New Zealand insect fauna-6.xml ; New Zealand insect fauna-7.xml ; New Zealand insect fauna-8.xml ; New Zealand insect fauna-9.xml ; New Zealand insect fauna.xml
Path : \TheSettledLandscapeXML\Animal diseases
Animal diseases-1.xml ; Animal diseases-10.xml ; Animal diseases-11.xml ; Animal diseases-12.xml ; Animal diseases-13.xml ; Animal diseases-14.xml ; Animal diseases-15.xml ; Animal diseases-2.xml ; Animal diseases-3.xml ; Animal diseases-4.xml ; Animal diseases-5.xml ; Animal diseases-6.xml ; Animal diseases-7.xml ; Animal diseases-8.xml ; Animal diseases-9.xml ; Animal diseases.xml
Path : \TheBushXML\Skiing
Skiing-1.xml ; Skiing-2.xml ; Skiing-3.xml ; Skiing-4.xml ; Skiing-5.xml ; Skiing.xml
Path : \EarthSeaSkyXML\Fishing Industry
Fishing Industry-1.xml ; Fishing Industry-2.xml ; Fishing Industry-3.xml ; Fishing Industry-4.xml ; Fishing Industry-5.xml ; Fishing Industry-6.xml ; Fishing Industry-7.xml ; Fishing Industry-8.xml ; Fishing Industry-9.xml ; Fishing industry.xml
Path : \TheSettledLandscapeXML\Rural workforce
Rural workforce-1.xml ; Rural workforce-2.xml ; Rural workforce-3.xml ; Rural workforce-4.xml ; Rural workforce-5.xml ; Rural workforce-6.xml ; Rural workforce-7.xml ; Rural workforce.xml
Path : \EarthSeaSkyXML\Night Sky
Night sky-1.xml ; Night sky-2.xml ; Night sky-3.xml ; Night sky-4.xml ; Night sky-5.xml ; Night sky.xml
Path : \TheBushXML\Waterfalls
Waterfalls-1.xml ; Waterfalls-2.xml ; Waterfalls-3.xml ; Waterfalls-4.xml ; Waterfalls.xml
Path : \NZPeoplesxml\Cambodians
Cambodians-1.xml ; Cambodians-2.xml ; cambodians-converted.xml
Path : \MaoriNZersxml\Ngati Maniapoto
Ngati Maniapoto-1.xml ; Ngati Maniapoto-2.xml ; Ngati Maniapoto-3.xml ; Ngati Maniapoto-4.xml ; Ngati Maniapoto-5.xml ; ngatimaniapoto-converted.xml ; ngatimaniapotomaori-converted.xml
Path : \TheBushXML\Wasps and bees
Wasps & bees-1.xml ; Wasps & bees-2.xml ; Wasps & bees-3.xml ; Wasps & bees-4.xml ; Wasps & bees-5.xml ; Wasps & bees.xml
Path : \TheBushXML\Shrubs and small trees of the forest
Shrubs and small trees of the forest-1.xml ; Shrubs and small trees of the forest-10.xml ; Shrubs and small trees of the forest-11.xml ; Shrubs and small trees of the forest-12.xml ; Shrubs and small trees of the forest-2.xml ; Shrubs and small trees of the forest-3.xml ; Shrubs and small trees of the forest-4.xml ; Shrubs and small trees of the forest-5.xml ; Shrubs and small trees of the forest-6.xml ; Shrubs and small trees of the forest-7.xml ; Shrubs and small trees of the forest-8.xml ; Shrubs and small trees of the forest-9.xml ; Shrubs and small trees of the forest.xml
Path : \NZPeoplesxml\MiddleEasternPeoples
Middle Eastern peoples-1.xml ; Middle Eastern peoples-2.xml ; Middle Eastern peoples-3.xml ; Middle Eastern peoples-4.xml ; middleeasternpeoples-converted.xml
Path : \TheBushXML\Taniwha
Taniwha-1.xml ; Taniwha-2.xml ; Taniwha-3.xml ; Taniwha-4.xml ; Taniwha-5.xml ; Taniwha-6.xml ; Taniwha-7.xml ; Taniwha-8.xml ; Taniwha-maori.xml ; Taniwha.xml
Path : \TheSettledLandscapeXML\Insect pests
Insect pests-1.xml ; Insect pests-2.xml ; Insect pests-3.xml ; Insect pests-4.xml ; Insect pests-5.xml ; Insect pests-6.xml ; Insect pests-7.xml ; Insect pests-8.xml ; Insect pests-9.xml ; Insect pests.xml
Path : \TheBushXML\Lakes
Lakes-1.xml ; Lakes-2.xml ; Lakes-3.xml ; Lakes-4.xml ; Lakes-5.xml ; Lakes.xml
Path : \EarthSeaSkyXML\New Zealand Mineral and rock names
New Zealand mineral and rock names-1.xml ; New Zealand mineral and rock names-2.xml ; New Zealand mineral and rock names-3.xml ; New Zealand mineral and rock names-4.xml ; New Zealand mineral and rock names.xml
Path : \TheSettledLandscapeXML\Exotic farm animals
Exotic farm animals-1.xml ; Exotic farm animals-2.xml ; Exotic farm animals-3.xml ; Exotic farm animals-4.xml ; Exotic farm animals.xml
Path : \TheBushXML\Grasslands
Grasslands-1.xml ; Grasslands-2.xml ; Grasslands-3.xml ; Grasslands-4.xml ; Grasslands.xml
Path : \EarthSeaSkyXML\Charting the Sea Floor
Charting the sea floor-1.xml ; Charting the sea floor-2.xml ; Charting the sea floor-3.xml ; Charting the sea floor-4.xml ; Charting the sea floor.xml
Path : \EarthSeaSkyXML\Shipbuilding
Shipbuilding-1.xml ; Shipbuilding-2.xml ; Shipbuilding-3.xml ; Shipbuilding.xml
Path : \TheBushXML\Caving
Caving-1.xml ; Caving-2.xml ; Caving-3.xml ; Caving-4.xml ; Caving.xml
Path : \EarthSeaSkyXML\Volcanoes
Volcanoes-1.xml ; Volcanoes-2.xml ; Volcanoes-3.xml ; Volcanoes-4.xml ; Volcanoes-5.xml ; Volcanoes-6.xml ; Volcanoes-7.xml ; Volcanoes-8.xml ; Volcanoes.xml
Path : \EarthSeaSkyXML\Life in the open ocean
Life in the open ocean-1.xml ; Life in the open ocean-2.xml ; Life in the open ocean-3.xml ; Life in the open ocean.xml
Path : \TheSettledLandscapeXML\Rural clothing
Rural clothing-1.xml ; Rural clothing-2.xml ; Rural clothing-3.xml ; Rural clothing-4.xml ; Rural clothing-5.xml ; Rural clothing.xml
Path : \EarthSeaSkyXML\Ranginui - The Sky
Ranginui - the sky-1.xml ; Ranginui - the sky-2.xml ; Ranginui - the sky-3.xml ; Ranginui - the sky-4.xml ; Ranginui - the sky-5.xml ; Ranginui - the sky-maori.xml ; Ranginui - the sky.xml
Path : \TheSettledLandscapeXML\Te tango whenua Maori land alienation
Te tango whenua - Maori land alienation-1.xml ; Te tango whenua - Maori land alienation-2.xml ; Te tango whenua - Maori land alienation-3.xml ; Te tango whenua - Maori land alienation-4.xml ; Te tango whenua - Maori land alienation-5.xml ; Te tango whenua - Maori land alienation-6.xml ; Te tango whenua - Maori land alienation-7.xml ; Te tango whenua - Maori land alienation-8.xml ; Te tango whenua - Maori land alienation-9.xml ; Te tango whenua - Maori land alienation.xml
Path : \TheBushXML\Ngarara reptiles
Ngarara - reptiles-1.xml ; Ngarara - reptiles-2.xml ; Ngarara - reptiles-3.xml ; Ngarara - reptiles-4.xml ; Ngarara - reptiles-maori.xml ; Ngarara - reptiles.xml
Path : \EarthSeaSkyXML\Beach
Beach-1.xml ; Beach-2.xml ; Beach-3.xml ; Beach-4.xml ; Beach-5.xml ; Beach.xml
Path : \TheBushXML\Frogs
Frogs-1.xml ; Frogs-2.xml ; Frogs-3.xml ; Frogs-4.xml ; Frogs-5.xml ; Frogs.xml
Path : \EarthSeaSkyXML\CrayfishCrabsAndOtherCrustaceans
Crayfish, crabs and other crustaceans-1.xml ; Crayfish, crabs and other crustaceans-2.xml ; Crayfish, crabs and other crustaceans-3.xml ; Crayfish, crabs and other crustaceans-4.xml ; Crayfish, crabs and other crustaceans-5.xml ; Crayfish, crabs and other crustaceans-6.xml ; Crayfish, crabs and other crustaceans-7.xml ; Crayfish, crabs and other crustaceans.xml
Path : \EarthSeaSkyXML\Diving and Snorkelling
Diving and snorkelling-1.xml ; Diving and snorkelling-2.xml ; Diving and snorkelling-3.xml ; Diving and snorkelling-4.xml ; Diving and snorkelling-5.xml ; Diving and snorkelling.xml
Path : \PlacesXML\Wellington\Captions entry - xml
Wellington - entry-1.xml ; Wellington - entry-10.xml ; Wellington - entry-11.xml ; Wellington - entry-12.xml ; Wellington - entry-13.xml ; Wellington - entry-14.xml ; Wellington - entry-15.xml ; Wellington - entry-16.xml ; Wellington - entry-2.xml ; Wellington - entry-3.xml ; Wellington - entry-4.xml ; Wellington - entry-5.xml ; Wellington - entry-6.xml ; Wellington - entry-7.xml ; Wellington - entry-8.xml ; Wellington - entry-9.xml
Path : \TheSettledLandscapeXML\Transport of animals
Animal Transport-1.xml ; Animal Transport-2.xml ; Animal Transport-3.xml ; Animal Transport-4.xml ; Animal transport.xml
Path : \PlacesXML\Wellington
Wellington - entry.xml ; Wellington - gazetteer.xml
Path : \TheSettledLandscapeXML\Rural language
Rural language-1.xml ; Rural language-2.xml ; Rural language-3.xml ; Rural language-4.xml ; Rural language-5.xml ; Rural language-6.xml ; Rural language-7.xml ; Rural language-8.xml ; Rural language.xml
Path : \NZPeoplesxml\Refugees
Refugees-1.xml ; Refugees-2.xml ; Refugees-3.xml ; Refugees-4.xml ; Refugees-5.xml ; refugees-converted.xml
Path : \NZPeoplesxml\KiwisOverseas
Kiwis overseas-1.xml ; Kiwis overseas-2.xml ; Kiwis overseas-3.xml ; Kiwis overseas-4.xml ; Kiwis overseas-5.xml ; kiwisoverseas-converted.xml
Path : \EarthSeaSkyXML\Seafood
Seafood-1.xml ; Seafood-2.xml ; Seafood-3.xml ; Seafood.xml
Path : \NZinBriefXML\Natural Environment
Natural environment-1.xml ; Natural environment-2.xml ; Natural environment-3.xml ; Natural environment-4.xml ; Natural environment-5.xml ; Natural environment-maori.xml ; naturalenvironment-converted.xml
Path : \EarthSeaSkyXML\Surf Sports
Surf sports-1.xml ; Surf sports-2.xml ; Surf sports-3.xml ; Surf sports-4.xml ; Surf sports-5.xml ; Surf sports-6.xml ; Surf sports-7.xml ; Surf sports.xml
Path : \TheSettledLandscapeXML\Earthworms
Earthworms-1.xml ; Earthworms-2.xml ; Earthworms-3.xml ; Earthworms-4.xml ; Earthworms-5.xml ; Earthworms.xml
Path : \TheSettledLandscapeXML\Water quality
Water quality-1.xml ; Water quality-2.xml ; Water quality-3.xml ; Water quality-4.xml ; Water quality-5.xml ; Water quality.xml
Path : \TheSettledLandscapeXML\Beekeeping
Beekeeping-1.xml ; Beekeeping-2.xml ; Beekeeping-3.xml ; Beekeeping-4.xml ; Beekeeping-5.xml ; Beekeeping-6.xml ; Beekeeping-7.xml ; Beekeeping-8.xml ; Beekeeping.xml
Path : \MaoriNZersxml\Te Ati Awa Ki Whanganui A Tara
Te Ati Awa (Wellington)-1.xml ; Te Ati Awa (Wellington)-2.xml ; Te Ati Awa (Wellington)-3.xml ; Te Ati Awa (Wellington)-4.xml ; Te Ati Awa (Wellington)-5.xml ; teatiawawgtn-converted.xml ; teatiawawgtnmaori-converted.xml
Path : \TheBushXML\Canoeing and rafting
Canoeing and rafting-1.xml ; Canoeing and rafting-2.xml ; Canoeing and rafting-3.xml ; Canoeing and rafting-4.xml ; Canoeing and rafting-5.xml ; Canoeing and rafting.xml
Path : \TheSettledLandscapeXML\Agricultural education
Agricultural education-1.xml ; Agricultural education-2.xml ; Agricultural education-3.xml ; Agricultural education-4.xml ; Agricultural education-5.xml ; Agricultural education-6.xml ; Agricultural education-7.xml ; Agricultural education.xml
Path : \TheBushXML\TeNgahereForestLore
Te Ngahere - forest lore-1.xml ; Te Ngahere - forest lore-2.xml ; Te Ngahere - forest lore-3.xml ; Te Ngahere - forest lore-4.xml ; Te Ngahere - forest lore-5.xml ; Te Ngahere - forest lore-6.xml ; Te Ngahere - forest lore-7.xml ; Te Ngahere - forest lore-maori.xml ; Te Ngahere - forest lore.xml
Path : \EarthSeaSkyXML\Octopus and Squid
Octopus & squid-1.xml ; Octopus & squid-2.xml ; Octopus & squid-3.xml ; Octopus & squid-4.xml ; Octopus & squid-5.xml ; Octopus & squid-6.xml ; Octopus & squid.xml
Path : \TheBushXML\Dunelands
Dunelands-1.xml ; Dunelands-2.xml ; Dunelands-3.xml ; Dunelands.xml
Path : \NZPeoplesxml\VoyageOut
The voyage out-1.xml ; The voyage out-2.xml ; The voyage out-3.xml ; The voyage out-4.xml ; The voyage out-5.xml ; The voyage out-6.xml ; The voyage out-7.xml ; The voyage out-8.xml ; voyageout-converted.xml
Path : \TheSettledLandscapeXML\Beef farming
Beef farming-1.xml ; Beef farming-2.xml ; Beef farming-3.xml ; Beef farming-4.xml ; Beef farming-5.xml ; Beef farming-6.xml ; Beef farming-7.xml ; Beef farming.xml
Path : \TheSettledLandscapeXML\Organic farming
Organic farming-1.xml ; Organic farming-2.xml ; Organic farming-3.xml ; Organic farming-4.xml ; Organic farming.xml
Path : \TheSettledLandscapeXML\Place names
Placenames-1.xml ; Placenames-2.xml ; Placenames-3.xml ; Placenames-4.xml ; Placenames-5.xml ; Placenames-6.xml ; Placenames-7.xml ; Placenames-8.xml ; Placenames.xml
Path : \EarthSeaSkyXML\Meteorites
Meteorites-1.xml ; Meteorites-2.xml ; Meteorites.xml
Path : \MaoriNZersxml\Muaupoko
muaupoko(maori)-converted.xml ; Muaupoko-1.xml ; Muaupoko-2.xml ; Muaupoko-3.xml ; muaupoko-converted.xml
Path : \MaoriNZersxml\Whangarei Tribes
Whangarei tribes-1.xml ; Whangarei tribes-2.xml ; Whangarei tribes-3.xml ; Whangarei tribes-4.xml ; whangareitribes-converted.xml ; whangareitribesmaori-converted.xml
Path : \TheSettledLandscapeXML\Dairying and dairy products
Dairying-1.xml ; Dairying-10.xml ; Dairying-11.xml ; Dairying-12.xml ; Dairying-13.xml ; Dairying-2.xml ; Dairying-3.xml ; Dairying-4.xml ; Dairying-5.xml ; Dairying-6.xml ; Dairying-7.xml ; Dairying-8.xml ; Dairying-9.xml ; Dairying.xml
Path : \MaoriNZersxml\Tamaki Tribes
Tamaki tribes-1.xml ; Tamaki tribes-2.xml ; Tamaki tribes-3.xml ; Tamaki tribes-4.xml ; Tamaki tribes-5.xml ; tamakitribes-converted.xml ; tamakitribesmaori-converted.xml
Path : \EarthSeaSkyXML\Salt
Salt-1.xml ; Salt-2.xml ; Salt-3.xml ; Salt.xml
Path : \TheSettledLandscapeXML\Kai Pakeha
Kai Pakeha-1.xml ; Kai Pakeha-2.xml ; Kai Pakeha-3.xml ; Kai Pakeha.xml
Path : \PlacesXML\SouthCanterbury\Captions gazetteer - xml
South Canterbury - Gazetteer-1.xml ; South Canterbury - Gazetteer-2.xml ; South Canterbury - Gazetteer-3.xml ; South Canterbury - Gazetteer-4.xml ; South Canterbury - Gazetteer-5.xml ; South Canterbury - Gazetteer-6.xml ; South Canterbury - Gazetteer-7.xml ; South Canterbury - Gazetteer-8.xml
Path : \TheSettledLandscapeXML\Exotic forestry
Forestry-1.xml ; Forestry-2.xml ; Forestry-3.xml ; Forestry-4.xml ; Forestry-5.xml ; Forestry-6.xml ; Forestry.xml
Path : \PlacesXML\BayOfPlenty\Captions (BoP gazetteer) - xml
Bay of Plenty - gazetteer-1.xml ; Bay of Plenty - gazetteer-10.xml ; Bay of Plenty - gazetteer-11.xml ; Bay of Plenty - gazetteer-12.xml ; Bay of Plenty - gazetteer-13.xml ; Bay of Plenty - gazetteer-14.xml ; Bay of Plenty - gazetteer-15.xml ; Bay of Plenty - gazetteer-16.xml ; Bay of Plenty - gazetteer-17.xml ; Bay of Plenty - gazetteer-18.xml ; Bay of Plenty - gazetteer-19.xml ; Bay of Plenty - gazetteer-2.xml ; Bay of Plenty - gazetteer-3.xml ; Bay of Plenty - gazetteer-4.xml ; Bay of Plenty - gazetteer-5.xml ; Bay of Plenty - gazetteer-6.xml ; Bay of Plenty - gazetteer-7.xml ; Bay of Plenty - gazetteer-8.xml ; Bay of Plenty - gazetteer-9.xml
Path : \EarthSeaSkyXML\Whales
Whales-1.xml ; Whales-2.xml ; Whales-3.xml ; Whales-4.xml ; Whales-5.xml ; Whales-6.xml ; Whales-7.xml ; Whales-8.xml ; Whales.xml
Path : \TheBushXML\Lichens
Lichens-1.xml ; Lichens-2.xml ; Lichens.xml
Path : \NZinBriefXML\Creative life
Creative life-1.xml ; Creative life-2.xml ; Creative life-3.xml ; Creative life-4.xml ; Creative life-5.xml ; Creative life-6.xml ; Creative life-7.xml ; Creative life-8.xml ; Creative life-maori.xml ; Creative life.xml
Path : \TheSettledLandscapeXML\Modern mapping and surveying
Modern mapping and surveying-1.xml ; Modern mapping and surveying-2.xml ; Modern mapping and surveying-3.xml ; Modern mapping and surveying-4.xml ; Modern mapping and surveying-5.xml ; Modern mapping and surveying-6.xml ; Modern mapping and surveying.xml
Path : \EarthSeaSkyXML\Shellfish
Shellfish-1.xml ; Shellfish-2.xml ; Shellfish-3.xml ; Shellfish-4.xml ; Shellfish-5.xml ; Shellfish-6.xml ; Shellfish-7.xml ; Shellfish-8.xml ; Shellfish.xml
Path : \EarthSeaSkyXML\Shipping
Shipping-1.xml ; Shipping-2.xml ; Shipping-3.xml ; Shipping-4.xml ; Shipping-5.xml ; Shipping-6.xml ; Shipping-7.xml ; Shipping-8.xml ; Shipping-9.xml ; Shipping.xml
Path : \TheSettledLandscapeXML\Ahuwhenua - Maori land and agriculture
Ahuwhenua -modern Maori agriculture-1.xml ; Ahuwhenua -modern Maori agriculture-2.xml ; Ahuwhenua -modern Maori agriculture-3.xml ; Ahuwhenua -modern Maori agriculture-4.xml ; Ahuwhenua -modern Maori agriculture.xml
